CREATE DATABASE  IF NOT EXISTS `heasm` /*!40100 DEFAULT CHARACTER SET utf8mb4 COLLATE utf8mb4_0900_ai_ci */ /*!80016 DEFAULT ENCRYPTION='N' */;
USE `heasm`;
-- MySQL dump 10.13  Distrib 8.0.32, for Win64 (x86_64)
--
-- Host: localhost    Database: heasm
-- ------------------------------------------------------
-- Server version	8.0.32

/*!40101 SET @OLD_CHARACTER_SET_CLIENT=@@CHARACTER_SET_CLIENT */;
/*!40101 SET @OLD_CHARACTER_SET_RESULTS=@@CHARACTER_SET_RESULTS */;
/*!40101 SET @OLD_COLLATION_CONNECTION=@@COLLATION_CONNECTION */;
/*!50503 SET NAMES utf8 */;
/*!40103 SET @OLD_TIME_ZONE=@@TIME_ZONE */;
/*!40103 SET TIME_ZONE='+00:00' */;
/*!40014 SET @OLD_UNIQUE_CHECKS=@@UNIQUE_CHECKS, UNIQUE_CHECKS=0 */;
/*!40014 SET @OLD_FOREIGN_KEY_CHECKS=@@FOREIGN_KEY_CHECKS, FOREIGN_KEY_CHECKS=0 */;
/*!40101 SET @OLD_SQL_MODE=@@SQL_MODE, SQL_MODE='NO_AUTO_VALUE_ON_ZERO' */;
/*!40111 SET @OLD_SQL_NOTES=@@SQL_NOTES, SQL_NOTES=0 */;

--
-- Table structure for table `bib_source`
--

DROP TABLE IF EXISTS `bib_source`;
/*!40101 SET @saved_cs_client     = @@character_set_client */;
/*!50503 SET character_set_client = utf8mb4 */;
CREATE TABLE `bib_source` (
  `JOURNAL` varchar(300) NOT NULL COMMENT 'Журнал',
  `YEAR` int NOT NULL COMMENT 'Год издания',
  `IMPACT` double DEFAULT NULL COMMENT 'Импакт фактор журнала',
  PRIMARY KEY (`JOURNAL`,`YEAR`)
) ENGINE=InnoDB DEFAULT CHARSET=utf8mb3;
/*!40101 SET character_set_client = @saved_cs_client */;

--
-- Dumping data for table `bib_source`
--

LOCK TABLES `bib_source` WRITE;
/*!40000 ALTER TABLE `bib_source` DISABLE KEYS */;
INSERT INTO `bib_source` VALUES ('Acta Materialia',2019,8.203),('Acta Materialia',2020,8.203),('Acta Materialia',2021,9.209),('Ceramics International',2018,4.527),('Ceramics International',2019,4.527),('Ceramics International',2020,4.527),('Ceramics International',2021,4.527),('Ceramics International',2022,5.532),('Ceramics International',2023,5.532),('Composites Part B: Engineering',2021,11.322),('Corrosion Science ',2019,7.205),('Corrosion Science ',2021,7.205),('International Journal of Refractory Metals and Hard Materials',2018,3.871),('International journal of refractory metals and hard materials',2020,4.258),('International Journal of Refractory Metals and Hard Materials',2021,3.871),('International Journal of Refractory Metals and Hard Materials',2022,4.804),('International Journal of Refractory Metals and Hard Materials',2023,4.804),('IOP Conference Series Materials Science and Engineering',2019,0.51),('Journal of Alloys and Compounds',2018,5.316),('Journal of Alloys and Compounds',2019,5.316),('Journal of Alloys and Compounds',2023,6.371),('Journal of American Ceramic Society ',2018,3.529),('Journal of American Ceramic Society ',2020,3.529),('Journal of Materials Research and Technology',2023,6.267),('Journal of Materials Science & Technology',2019,8.067),('Journal of Materials Science & Technology',2020,8.067),('Journal of Materials Science & Technology',2021,8.067),('Journal of Materials Science & Technology',2022,10.319),('Journal of Materials Science and Technology',2019,8.067),('Journal of Materials Science and Technology',2021,8.067),('Journal of Superhard Materials',2017,0.78),('Journal of the American Ceramic Society',2020,3.529),('Journal of the European Ceramic Society',2018,5.302),('Journal of the European Ceramic Society',2019,5.302),('Journal of the European Ceramic Society',2020,5.302),('Journal of the European Ceramic Society',2021,5.302),('Journal of the European Ceramic Society',2022,6.364),('Journal of the European Ceramic Society',2023,6.364),('Materialia',2019,8.685),('Materials and Design',2018,7.991),('Materials and Design',2020,7.991),('Materials Chemistry and Physics',2021,4.094),('Materials Letters',2022,3.574),('Materials Science and Engineering A',2020,5.234),('Mendeleev Communications',2022,1.837),('Nature Communications',2018,15.805),('Nature Communications',2022,14.919),('Nature Reviews Materials',2020,34.469),('npj Computational Materials',2023,12.241),('Open Ceramics',2020,5.302),('Physica B: Condensed Matter',2018,2.436),('Powder Metallurgy and Metal Ceramics',2022,0.913),('Science',2018,24.193),('Scientific Reports',2018,5.133),('Scripta Materialia ',2019,5.611),('Scripta Materialia ',2021,5.611),('Tribology International',2021,4.872);
/*!40000 ALTER TABLE `bib_source` ENABLE KEYS */;
UNLOCK TABLES;

--
-- Table structure for table `bibliography`
--

DROP TABLE IF EXISTS `bibliography`;
/*!40101 SET @saved_cs_client     = @@character_set_client */;
/*!50503 SET character_set_client = utf8mb4 */;
CREATE TABLE `bibliography` (
  `DOI` varchar(500) NOT NULL COMMENT 'DOI',
  `INTERNAL_CIPHER` varchar(500) DEFAULT NULL COMMENT 'Внутренний шифр',
  `URL` varchar(500) DEFAULT NULL COMMENT 'URL',
  `YEAR` int DEFAULT NULL COMMENT 'Год издания',
  `JOURNAL` varchar(500) DEFAULT NULL COMMENT 'Журнал',
  PRIMARY KEY (`DOI`),
  KEY `SOU_JOU_idx` (`JOURNAL`),
  KEY `SOU_JOU` (`JOURNAL`,`YEAR`),
  CONSTRAINT `SOU_JOU` FOREIGN KEY (`JOURNAL`, `YEAR`) REFERENCES `bib_source` (`JOURNAL`, `YEAR`) ON DELETE CASCADE ON UPDATE CASCADE
) ENGINE=InnoDB DEFAULT CHARSET=utf8mb3;
/*!40101 SET character_set_client = @saved_cs_client */;

--
-- Dumping data for table `bibliography`
--

LOCK TABLES `bibliography` WRITE;
/*!40000 ALTER TABLE `bibliography` DISABLE KEYS */;
INSERT INTO `bibliography` VALUES ('doi14htms60945','56_НЕС','',2020,'International journal of refractory metals and hard materials'),('DOI: 10.1016/j.actamat.2020.06.011','23_HEC','Irradiation damage in (Zr0.25Ta0.25Nb0.25Ti0.25)C highentropy carbide ceramics | Request PDF (researchgate.net)',2020,'Acta Materialia'),('DOI: 10.1016/j.ceramint.2019.01.238','11_HEC','https://www.researchgate.net/publication/330861710_Arc_melting_A_novel_method_to_prepare_homogeneous_solid_solutions_of_transition_metal_carbides_Zr_Ta_Hf',2019,'Ceramics International'),('DOI: 10.1016/j.ceramint.2019.07.195','01_HEC','https://www.sciencedirect.com/science/article/pii/S0272884219320176',2019,'Ceramics International'),('DOI: 10.1016/j.ijrmhm.2021.105646','52_HEC_PK','https://www.sciencedirect.com/science/article/pii/S0263436821001785?via%3Dihub',2021,'International Journal of Refractory Metals and Hard Materials'),('DOI: 10.1016/j.mtla.2019.100540','17_HEC','https://www.researchgate.net/publication/337571029_Precipitation_of_Ti_Zr_Nb_Ta_HfC_high_entropy_carbides_in_a_steel_matrix',2019,'Materialia'),('DOI: 10.1016/j.scriptamat.2021.113909','55_HEC_PK','https://www.sciencedirect.com/science/article/pii/S1359646221001895?via%3Dihub',2021,'Scripta Materialia '),('DOI: 10.1038/s41467-018-07160-7','12_HEC','https://www.researchgate.net/publication/329191805_High-entropy_high-hardness_metal_carbides_discovered_by_entropy_descriptors',2018,'Nature Communications'),('DOI: 10.1038/s41467018071607','12_HEC','https://www.researchgate.net/publication/329191805_Highentropy_highhardness_metal_carbides_discovered_by_entropy_descriptors',2018,'Nature Communications'),('DOI: 10.1111/jace.16295','18_HEC','https://www.researchgate.net/publication/331429330_Firstprinciples_study_fabrication_and_characterization_of_Zr025Nb025Ti025V025C_highentropy_ceramic',2018,'Journal of American Ceramic Society '),('DOI:10.1007/s11106-023-00332-1','95_HEC','https://link.springer.com/article/10.1007/s11106-023-00332-1',2022,'Powder Metallurgy and Metal Ceramics'),('DOI:10.1016/j.actamat.2018.12.054','06_HEC','https://www.researchgate.net/publication/330011825_Phase_stability_and_mechanical_properties_of_novel_high_entropy_transition_metal_carbides',2019,'Acta Materialia'),('DOI:10.1016/j.actamat.2018.12.060','06_HEC','https://www.researchgate.net/publication/330011825_Phase_stability_and_mechanical_properties_of_novel_high_entropy_transition_metal_carbides',2019,'Acta Materialia'),('DOI:10.1016/j.actamat.2019.03.021','64_HEC_PK','https://www.researchgate.net/publication/331911483_Firstprinciples_study_fabrication_and_characterization_of_Zr025Nb025Ti025V025C_highentropy_ceramics',2019,'Acta Materialia'),('DOI:10.1016/j.actamat.2020.06.005','22_HEC','https://www.researchgate.net/publication/342346143_Electron_and_phonon_thermal_conductivity_in_high_entropy_carbides_with_variable_carbon_content',2020,'Acta Materialia'),('DOI:10.1016/j.actamat.2021.117051','88_HEC','https://www.sciencedirect.com/science/article/pii/S1359645421004316?via%3Dihub',2021,'Acta Materialia'),('DOI:10.1016/j.ceramint.2018.07.149','62_HEC_PK','https://www.researchgate.net/publication/326511762_Synthesis_and_properties_of_Hf_1x_Ta_x_C_solid_solution_carbides',2018,'Ceramics International'),('DOI:10.1016/j.ceramint.2018.08.100','03_HEC','https://www.sciencedirect.com/science/article/pii/S0272884218321576',2018,'Ceramics International'),('DOI:10.1016/j.ceramint.2019.07.244','10_HEC','https://www.researchgate.net/publication/334609691_Liquid_precursorderived_highentropy_carbide_nanopowders',2019,'Ceramics International'),('DOI:10.1016/j.ceramint.2020.04.230','60_HEC_PK','https://www.researchgate.net/publication/340921363_Highentropy_HfTaTiNbZrC_and_HfTaTiNbMoC_carbides_fabricated_through_reactive_highenergy_ball_milling_and_spark_plasma_sintering',2020,'Ceramics International'),('DOI:10.1016/j.ceramint.2020.05.240','67_HEC_PK','https://www.researchgate.net/publication/341788462_Synthesis_of_all_equiatomic_fivetransition_metals_High_Entropy_Carbides_of_the_IVB_Ti_Zr_Hf_and_VB_V_Nb_Ta_groups_by_a_low_temperature_route',2020,'Ceramics International'),('DOI:10.1016/j.ceramint.2020.11.096','39_HEC_PK','https://www.researchgate.net/publication/346054155_Mediumentropy_Ti_Zr_Hf_2_SC_MAX_phase',2020,'Ceramics International'),('DOI:10.1016/j.ceramint.2021.02.013','27_HEC','https://www.researchgate.net/publication/349066697_Phase_Microstructure_and_Related_Mechanical_Properties_of_a_Series_of_NbTaZrCBased_High_Entropy_Ceramics',2021,'Ceramics International'),('DOI:10.1016/j.ceramint.2021.02.264','43_HEC_PK','https://www.researchgate.net/publication/349843262_Compositional_effect_on_mechanical_properties_of_transitionmetal_carbide_solid_solutions',2021,'Ceramics International'),('DOI:10.1016/j.ceramint.2021.08.158','48_HEC_PK','https://www.researchgate.net/publication/353904606_Fabrication_of_highentropy_carbide_TiZrHfTaNbS_by_highenergy_ball_milling',2021,'Ceramics International'),('DOI:10.1016/j.ceramint.2021.11.317','75_HEC','https://www.sciencedirect.com/science/article/pii/S0272884221037408?via%3Dihub',2022,'Ceramics International'),('DOI:10.1016/j.ceramint.2021.12.038','86_HEC','https://www.sciencedirect.com/science/article/pii/S0272884221038086?via%3Dihub',2023,'Ceramics International'),('DOI:10.1016/j.ceramint.2022.02.135','82_HEC','https://www.sciencedirect.com/science/article/pii/S0272884222005314?via%3Dihub',2022,'Ceramics International'),('DOI:10.1016/j.ceramint.2022.07.036','76_HEC','https://www.sciencedirect.com/science/article/pii/S0272884222024233?via%3Dihub',2022,'Ceramics International'),('DOI:10.1016/j.compositesb.2021.108681','89_HEC','https://www.sciencedirect.com/science/article/pii/S1359836821000743?via%3Dihub',2021,'Composites Part B: Engineering'),('DOI:10.1016/j.corsci.2019.04.001','16_HEC','https://www.researchgate.net/publication/332239382_Oxidation_behavior_of_Hf02Zr02Ta02Nb02Ti02C_highentropy_ceramics_at_10731473_K_in_air',2019,'Corrosion Science '),('DOI:10.1016/j.corsci.2021.109359','37_HEC_PK','https://www.researchgate.net/publication/349744594_Novel_refractory_highentropy_ceramics_Transition_metal_carbonitrides_with_superior_ablation_resistance',2021,'Corrosion Science '),('DOI:10.1016/j.ijrmhm.2018.12.011','59_HEC_PK','https://www.researchgate.net/publication/329613885_Mechanochemical_combustion_synthesis_of_vanadium_carbide_VC_niobium_carbide_NbC_and_tantalum_carbide_TaC_nanoparticles',2018,'International Journal of Refractory Metals and Hard Materials'),('DOI:10.1016/j.ijrmhm.2021.105567','85_HEC','https://www.sciencedirect.com/science/article/pii/S0263436821000998?via%3Dihub',2021,'International Journal of Refractory Metals and Hard Materials'),('DOI:10.1016/j.ijrmhm.2022.105859','80_HEC','https://www.sciencedirect.com/science/article/pii/S026343682200083X?via%3Dihub',2022,'International Journal of Refractory Metals and Hard Materials'),('DOI:10.1016/j.ijrmhm.2022.105914','81_HEC','https://www.sciencedirect.com/science/article/pii/S026343682200138X?via%3Dihub',2022,'International Journal of Refractory Metals and Hard Materials'),('DOI:10.1016/j.ijrmhm.2023.106114','74_HEC','https://www.sciencedirect.com/science/article/pii/S0263436823000148?via%3Dihub',2023,'International Journal of Refractory Metals and Hard Materials'),('DOI:10.1016/j.jallcom.2018.05.180','66_HEC_PK','https://www.researchgate.net/publication/325200833_Strengthening_of_Al_015_CoCrCuFeNiTi_x_C_x_0_1_2_highentropy_alloys_by_grain_refinement_and_using_nanoscale_carbides_via_powder_metallurgical_route',2018,'Journal of Alloys and Compounds'),('DOI:10.1016/j.jallcom.2019.02.254','13_HEC','https://www.researchgate.net/publication/331323210_Investigation_of_thermodynamic_properties_of_high_entropy_TaNbHfTiZrC_and_TaNbHfTiZrN',2019,'Journal of Alloys and Compounds'),('DOI:10.1016/j.jallcom.2019.03.403','61_HEC_PK','https://www.researchgate.net/publication/332178727_Microstructures_and_mechanical_properties_of_nano_carbides_reinforced_CoCrFeMnNi_high_entropy_alloys',2019,'Journal of Alloys and Compounds'),('DOI:10.1016/j.jallcom.2019.152523','15_HEC','https://www.researchgate.net/publication/336191497_Oxidation_behaviours_of_highentropy_transition_metal_carbides_in_1200_C_water_vapor',2019,'Journal of Alloys and Compounds'),('DOI:10.1016/j.jallcom.2023.168737','94_HEC','https://www.sciencedirect.com/science/article/pii/S0925838823000403?via%3Dihub',2023,'Journal of Alloys and Compounds'),('DOI:10.1016/j.jmrt.2023.01.053','73_HEC','https://www.sciencedirect.com/science/article/pii/S2238785423000546?via%3Dihub',2023,'Journal of Materials Research and Technology'),('DOI:10.1016/j.jmst.2019.04.006','09_HEC','https://www.researchgate.net/publication/332216364_High_porosity_and_low_thermal_conductivity_high_entropy_Zr02Hf02Ti02Nb02Ta02C',2019,'Journal of Materials Science & Technology'),('DOI:10.1016/j.jmst.2019.07.056','65_HEC_PK','https://www.researchgate.net/publication/336079562_Microstructure_and_mechanical_properties_of_TiZrNbTaMoC_highentropy_ceramic',2019,'Journal of Materials Science and Technology'),('DOI:10.1016/j.jmst.2020.02.049','47_HEC_PK','https://www.researchgate.net/publication/340962171_A_novel_nonstoichiometric_mediumentropy_carbide_stabilized_by_anion_vacancies',2020,'Journal of Materials Science & Technology'),('DOI:10.1016/j.jmst.2020.10.016','21_HEC','https://www.researchgate.net/publication/346335929_Electromagnetic_wave_absorbing_properties_of_TMCs_TMTi_Zr_Hf_Nb_and_Ta_and_high_entropy_Ti02Zr02Hf02Nb02Ta02C',2021,'Journal of Materials Science and Technology'),('DOI:10.1016/j.jmst.2020.12.015','29_HEC','https://www.researchgate.net/publication/348626386_Hightemperature_ultrastrength_of_dualphase_Re05MoNbWTaC05_highentropy_alloy_matrix_composite',2021,'Journal of Materials Science & Technology'),('DOI:10.1016/j.jmst.2021.12.063','79_HEC','https://www.sciencedirect.com/science/article/pii/S1005030222002274?via%3Dihub',2022,'Journal of Materials Science & Technology'),('DOI:10.1016/j.matchemphys.2021.124741','51_HEC_PK','https://www.researchgate.net/publication/351675737_Mechanical_tribological_anticorrosion_and_antiglass_sticking_properties_of_highentropy_TaNbSiZrCr_carbide_coatings_prepared_using_radiofrequency_magnetron_sputtering',2021,'Materials Chemistry and Physics'),('DOI:10.1016/j.matdes.2018.03.068','42_HEC_PK','https://www.researchgate.net/publication/324093521_Synthesis_and_characterization_of_multicomponent_CrNbTaTiWC_films_for_increased_hardness_and_corrosion_resistance',2018,'Materials and Design'),('DOI:10.1016/j.matdes.2021.109634','53_HEC_PK','https://www.researchgate.net/publication/349842966_Temperaturedependent_elastic_properties_of_binary_and_multicomponent_highentropy_refractory_carbides',2020,'Materials and Design'),('DOI:10.1016/j.matlet.2021.131363','78_HEC','https://www.sciencedirect.com/science/article/pii/S0167577X21020619?via%3Dihub',2022,'Materials Letters'),('DOI:10.1016/j.mencom.2022.11.037','77_HEC','https://www.sciencedirect.com/science/article/pii/S0959943622003261?via%3Dihub',2022,'Mendeleev Communications'),('DOI:10.1016/j.msea.2020.140520','19_HEC','https://www.researchgate.net/publication/346898521_Reaction_synthesis_and_characterization_of_a_new_class_high_entropy_carbide_NbTaMoWC',2020,'Materials Science and Engineering A'),('DOI:10.1016/j.oceram.2020.100015','25_HEC','https://www.researchgate.net/publication/343809572_Synthesis_and_hightemperature_properties_of_mediumentropy_TiTaZrNbC_using_the_spark_plasma_consolidation_of_carbide_powders',2020,'Open Ceramics'),('DOI:10.1016/j.physb.2018.09.014','08_HEC','https://www.researchgate.net/publication/327533286_Structural_mechanical_and_electronic_properties_of_TaNbHfTiZrC_high_entropy_carbide_under_pressure_Ab_initio_investigation',2018,'Physica B: Condensed Matter'),('DOI:10.1016/j.scriptamat.2018.10.049','07_HEC','https://www.researchgate.net/publication/328791305_Synthesis_of_singlephase_highentropy_carbide_powders',2019,'Scripta Materialia '),('DOI:10.1016/j.scriptamat.2019.01.024','14_HEC','https://www.researchgate.net/publication/330673371_Hightemperature_flexural_strength_performance_of_ternary_highentropy_carbide_consolidated_via_spark_plasma_sintering_of_TaC_ZrC_and_NbC',2019,'Scripta Materialia '),('DOI:10.1016/j.scriptamat.2019.05.039','63_HEC_PK','https://www.researchgate.net/publication/344743565_Reactive_flash_spark_plasma_sintering_of_highentropy_ultrahigh_temperature_ceramics',2019,'Scripta Materialia '),('DOI:10.1016/j.scriptamat.2020.10.038','24_HEC','https://www.researchgate.net/publication/345358670_Oxidation_resistance_of_HfTaZrNbC_high_entropy_carbide_powders_compared_with_the_component_monocarbides_and_binary_carbide_powders',2021,'Scripta Materialia '),('DOI:10.1016/j.scriptamat.2021.114091','44_HEC_PK','https://www.researchgate.net/publication/353018488_Solidification_microstructures_of_multielement_carbides_in_the_high_entropy_ZrNbHfTaCx_system_produced_by_arc_melting',2021,'Scripta Materialia '),('DOI:10.1016/j.triboint.2021.106883','30_HEC','https://www.researchgate.net/publication/348629028_Singlephase_HfMoNbTaTiC_Highentropy_Ceramic_a_Potential_High_Temperature_Antiwear_Material',2021,'Tribology International'),('DOI:10.1038/s41467-022-33497-1','90_HEC','https://www.nature.com/articles/s41467-022-33497-1#citeas',2022,'Nature Communications'),('DOI:10.1038/s41524-022-00955-9','91_HEC','https://www.nature.com/articles/s41524-022-00955-9#citeas',2023,'npj Computational Materials'),('DOI:10.1038/s41578-019-0170-8','35_HEC_PK','https://www.researchgate.net/publication/339217334_High-entropy_ceramics',2020,'Nature Reviews Materials'),('DOI:10.1038/s4157801901708','35_HEC_PK','https://www.researchgate.net/publication/339217334_Highentropy_ceramics',2020,'Nature Reviews Materials'),('DOI:10.1038/s41598-018-26827-1','04_HEC','https://www.nature.com/articles/s41598-018-26827-1',2018,'Scientific Reports'),('DOI:10.1038/s41598018268271','04_HEC','https://www.nature.com/articles/s41598018268271',2018,'Scientific Reports'),('doi:10.1088/1757-899X/558/1/012043','33_HEC','https://www.researchgate.net/publication/334023493_Synthesis_and_study_of_high-entropy_ceramics_based_on_the_carbides_of_refractory_metals',2019,''),('doi:10.1088/1757899X/558/1/012043','33_HEC','https://www.researchgate.net/publication/334023493_Synthesis_and_study_of_highentropy_ceramics_based_on_the_carbides_of_refractory_metals',2019,''),('DOI:10.1111/jace.17332','58_HEC_PK','https://www.researchgate.net/publication/342495143_Synthesis_of_rare_earth_containing_singlephase_multicomponent_metal_carbides_via_liquid_polymer_precursor_route',2020,'Journal of American Ceramic Society '),('DOI:10.1111/jace.17443','56_HEC_PK','https://www.researchgate.net/publication/344040435_Strength_of_singlephase_highentropy_carbide_ceramics_up_to_2300C',2020,'Journal of the American Ceramic Society'),('DOI:10.1126/science.aan5412','36_HEC_PK','https://www.researchgate.net/publication/324096320_Carbothermal_shock_synthesis_of_highentropyalloy_nanoparticles',2018,'Science');
/*!40000 ALTER TABLE `bibliography` ENABLE KEYS */;
UNLOCK TABLES;

--
-- Table structure for table `countries`
--

DROP TABLE IF EXISTS `countries`;
/*!40101 SET @saved_cs_client     = @@character_set_client */;
/*!50503 SET character_set_client = utf8mb4 */;
CREATE TABLE `countries` (
  `DOI` varchar(500) NOT NULL COMMENT 'DOI',
  `COUNTRY` varchar(500) NOT NULL COMMENT 'Страна публикации',
  PRIMARY KEY (`COUNTRY`,`DOI`),
  KEY `COUNTRY` (`COUNTRY`),
  KEY `DOI` (`DOI`),
  CONSTRAINT `BIB_CON` FOREIGN KEY (`DOI`) REFERENCES `bibliography` (`DOI`) ON DELETE CASCADE ON UPDATE CASCADE
) ENGINE=InnoDB DEFAULT CHARSET=utf8mb3;
/*!40101 SET character_set_client = @saved_cs_client */;

--
-- Dumping data for table `countries`
--

LOCK TABLES `countries` WRITE;
/*!40000 ALTER TABLE `countries` DISABLE KEYS */;
INSERT INTO `countries` VALUES ('DOI: 10.1111/jace.16295','  US'),('DOI:10.1016/j.scriptamat.2021.114091',' CZ'),('DOI:10.1016/j.jmst.2020.02.049',' DE'),('DOI:10.1016/j.ijrmhm.2018.12.011',' ES'),('DOI: 10.1016/j.ijrmhm.2021.105646',' HU'),('DOI:10.1016/j.scriptamat.2021.114091',' IT'),('DOI: 10.1016/j.ijrmhm.2021.105646',' PL'),('DOI:10.1016/j.matdes.2021.109634',' RU'),('DOI: 10.1016/j.ijrmhm.2021.105646',' UK'),('DOI:10.1016/j.actamat.2018.12.054',' US'),('DOI:10.1016/j.jallcom.2018.05.180',' US'),('DOI:10.1016/j.matdes.2021.109634',' US'),('DOI:10.1038/s41467-022-33497-1',' USA'),('DOI: 10.1016/j.mtla.2019.100540','AU'),('DOI:10.1016/j.ijrmhm.2022.105914','BE'),('doi14htms60945','CH'),('DOI: 10.1016/j.ceramint.2019.01.238','CH'),('DOI: 10.1016/j.ceramint.2020.12.201','CH'),('DOI: 10.1016/j.scriptamat.2021.113909','CH'),('DOI: 10.1111/jace.16295','CH'),('DOI:10.1007/s11106-023-00332-1','CH'),('DOI:10.1016/j.actamat.2018.12.054','CH'),('DOI:10.1016/j.actamat.2019.03.021','CH'),('DOI:10.1016/j.ceramint.2018.08.100','CH'),('DOI:10.1016/j.ceramint.2019.07.244','CH'),('DOI:10.1016/j.ceramint.2020.11.096','CH'),('DOI:10.1016/j.ceramint.2021.02.013','CH'),('DOI:10.1016/j.ceramint.2021.02.264','CH'),('DOI:10.1016/j.ceramint.2021.12.038','CH'),('DOI:10.1016/j.ceramint.2022.02.135','CH'),('DOI:10.1016/j.ceramint.2022.07.036','CH'),('DOI:10.1016/j.compositesb.2021.108681','CH'),('DOI:10.1016/j.corsci.2019.04.001','CH'),('DOI:10.1016/j.corsci.2021.109359','CH'),('DOI:10.1016/j.ijrmhm.2021.105567','CH'),('DOI:10.1016/j.ijrmhm.2022.105859','CH'),('DOI:10.1016/j.ijrmhm.2023.106114','CH'),('DOI:10.1016/j.jallcom.2019.02.254','CH'),('DOI:10.1016/j.jallcom.2019.03.403','CH'),('DOI:10.1016/j.jallcom.2019.152523','CH'),('DOI:10.1016/j.jallcom.2023.168737','CH'),('DOI:10.1016/j.jmrt.2023.01.053','CH'),('DOI:10.1016/j.jmst.2019.04.006','CH'),('DOI:10.1016/j.jmst.2019.07.056','CH'),('DOI:10.1016/j.jmst.2020.02.049','CH'),('DOI:10.1016/j.jmst.2020.10.016','CH'),('DOI:10.1016/j.jmst.2021.12.063','CH'),('DOI:10.1016/j.msea.2020.140520','CH'),('DOI:10.1016/j.physb.2018.09.014','CH'),('DOI:10.1016/j.triboint.2021.106883','CH'),('DOI:10.1111/jace.17332','CH'),('DOI:10.1016/j.ceramint.2020.05.240','ES'),('DOI:10.1016/j.ijrmhm.2018.12.011','IR'),('DOI:10.1038/s41467-022-33497-1','IT'),('DOI:10.1016/j.jmst.2020.12.015','JP'),('DOI:10.1016/j.oceram.2020.100015','JP'),('DOI:10.1016/j.scriptamat.2019.01.024','JP'),('DOI:10.1016/j.ceramint.2018.07.149','KR'),('DOI:10.1016/j.jallcom.2018.05.180','KR'),('DOI:10.1016/j.ceramint.2021.08.158','RU'),('DOI:10.1016/j.matlet.2021.131363','RU'),('DOI:10.1016/j.mencom.2022.11.037','RU'),('DOI:10.1038/s41524-022-00955-9','RU'),('doi:10.1088/1757-899X/558/1/012043','RU'),('DOI:10.1016/j.matdes.2018.03.068','SE'),('DOI:10.1016/j.matdes.2021.109634','SE'),('DOI: 10.1016/j.ijrmhm.2021.105646','SK'),('DOI: 10.1016/j.ceramint.2019.07.195','SP'),('DOI:10.1016/j.ceramint.2021.11.317','TR'),('DOI:10.1016/j.matchemphys.2021.124741','TW'),('DOI:10.1016/j.scriptamat.2020.10.038','UK'),('DOI:10.1016/j.scriptamat.2021.114091','UK'),('DOI:10.1038/s41598-018-26827-1','UK'),('DOI: 10.1016/j.actamat.2020.06.011','US'),('DOI: 10.1038/s41467-018-07160-7','US'),('DOI:10.1016/j.actamat.2018.12.054','US'),('DOI:10.1016/j.actamat.2018.12.060','US'),('DOI:10.1016/j.actamat.2019.03.021','US'),('DOI:10.1016/j.actamat.2020.06.005','US'),('DOI:10.1016/j.actamat.2021.117051','US'),('DOI:10.1016/j.ceramint.2020.04.230','US'),('DOI:10.1016/j.scriptamat.2018.10.049','US'),('DOI:10.1016/j.scriptamat.2019.05.039','US'),('DOI:10.1038/s41578-019-0170-8','US'),('DOI:10.1111/jace.17443','US'),('DOI:10.1126/science.aan5412','US'),('DOI:10.1016/j.actamat.2021.117051','USA'),('DOI: 10.1016/j.ceramint.2019.01.238','СН'),('DOI:10.1016/j.jallcom.2019.02.254','СН'),('DOI:10.1016/j.jallcom.2019.03.403','СН');
/*!40000 ALTER TABLE `countries` ENABLE KEYS */;
UNLOCK TABLES;

--
-- Table structure for table `ingredients`
--

DROP TABLE IF EXISTS `ingredients`;
/*!40101 SET @saved_cs_client     = @@character_set_client */;
/*!50503 SET character_set_client = utf8mb4 */;
CREATE TABLE `ingredients` (
  `PRODUCT_ID` int NOT NULL COMMENT 'ID в базе данных',
  `INGREDIENT` varchar(500) NOT NULL COMMENT 'Ингридиент синтеза',
  PRIMARY KEY (`PRODUCT_ID`,`INGREDIENT`),
  KEY `PRODUCT_ID` (`PRODUCT_ID`),
  KEY `INGREDIENT` (`INGREDIENT`),
  CONSTRAINT `PROD_ING` FOREIGN KEY (`PRODUCT_ID`) REFERENCES `synthesis_product` (`PRODUCT_ID`) ON DELETE CASCADE ON UPDATE CASCADE
) ENGINE=InnoDB DEFAULT CHARSET=utf8mb3;
/*!40101 SET character_set_client = @saved_cs_client */;

--
-- Dumping data for table `ingredients`
--

LOCK TABLES `ingredients` WRITE;
/*!40000 ALTER TABLE `ingredients` DISABLE KEYS */;
INSERT INTO `ingredients` VALUES (1,' Hf'),(1,' Hf powders'),(1,' Nb powders'),(1,' V and Nb powders'),(1,' V powders '),(1,' Zr'),(1,' Zr powders'),(1,'Ti'),(1,'Ti powders'),(4,'metal carbides'),(5,'metal carbides'),(9,'metal carbides'),(10,'metal carbides'),(11,'metal carbides'),(12,'metal carbides'),(13,'metal carbides'),(14,'metal carbides'),(15,'metal carbides'),(16,'metal carbides'),(17,'metal carbides'),(18,'metal carbides'),(19,'metal carbides'),(20,'metal carbides'),(21,'metal oxides'),(23,'metal oxides'),(24,'metal chlorides'),(25,'metal carbides powders'),(26,'metal carbides powders'),(27,'metal carbides powders'),(28,'metal carbides powders'),(29,'metal carbides powders'),(30,'metal carbides powders'),(31,'metal carbides powders'),(32,'metal carbides powders'),(33,'metal carbides powders'),(34,'metal carbides powders'),(35,'metal carbides powders'),(36,'metal carbides powders'),(37,'metal carbides powders'),(40,'metal carbides powders'),(41,'metal carbides powders'),(42,'metal carbides powders'),(43,'metal carbides particles'),(44,'metal carbides particles'),(45,'metal carbides particles'),(46,'metal powders and graphite'),(48,'metal oxides and carbon black'),(49,'metal oxides and carbon black'),(50,'metal oxides and carbon black'),(51,'HEC thin films'),(52,'metal carbides powders'),(53,'metal carbides powders'),(54,'metal carbides powders'),(55,'metal carbides powders'),(56,'metal carbides powders'),(57,'metal carbides powders'),(58,'metal carbides powders'),(59,'metal carbides powders'),(60,'metal carbides powders'),(61,'metal carbides'),(62,'metal carbides'),(63,'metal carbides'),(64,'metal carbides'),(65,'metal carbides'),(66,'metal carbides'),(68,'metals and TaC'),(69,'metal oxides'),(70,'metal oxides'),(71,'metal oxides'),(72,'metal oxides'),(75,'None'),(147,'metal salt precursors MClxHy'),(148,'metal salt precursors MClxHy'),(150,'metal salt precursors MClxHy'),(151,'metal salt precursors MClxHy'),(152,'metal salt precursors MClxHy'),(153,'metal salt precursors MClxHy'),(154,'metal salt precursors MClxHy'),(155,'metal salt precursors MClxHy'),(156,'metal salt precursors MClxHy'),(157,'metal salt precursors MClxHy'),(158,'metal salt precursors MClxHy'),(159,'metal salt precursors MClxHy '),(160,'metal powders'),(161,'metal powders'),(163,'2TiC-Zr-ZrC-2HfH2-3.2FeS powders'),(163,'2TiCZrZrC2HfH23.2FeS powders'),(176,' Ta/W and C targets'),(176,' Ti/Cr'),(176,'close to equimolar metals: Nb'),(177,' Ta/W and C targets'),(177,' Ti/Cr'),(177,'close to equimolar metals: Nb'),(178,' Ta/W and C targets'),(178,' Ti/Cr'),(178,'close to equimolar metals: Nb'),(179,' Ta/W and C targets'),(179,' Ti/Cr'),(179,'close to equimolar metals: Nb'),(180,' Ta/W-rich metals and C targets'),(180,' Ti/Cr'),(180,'Nb'),(181,' Ta/W-rich metals and C targets'),(181,' Ti/Cr'),(181,'Nb'),(182,' Ta/W-rich metals and C targets'),(182,' Ti/Cr'),(182,'Nb'),(183,' Ta/W-rich metals and C targets'),(183,' Ti/Cr'),(183,'Nb'),(184,' Ta/W metals and C targets'),(184,' Ti/Cr'),(184,'Nb-rich'),(185,'metal carbides powders'),(186,'metal carbides powders'),(187,'metal carbides powders'),(188,'metal carbides powders'),(189,'metal carbides powders'),(190,'metal carbides powders'),(191,'metal carbides powders'),(192,'metal carbides powders'),(193,'metal carbides powders'),(194,'metal carbides powders'),(195,'metal carbides powders'),(196,'metal carbides powders'),(197,'metal carbides powders'),(198,'metal wires'),(199,'metal wires'),(200,'metal wires'),(201,'metal wires'),(202,'metal wires'),(203,'metal wires'),(208,' Mo2C'),(208,' WC'),(208,'carbide powders TiC0.4'),(209,' Mo2C'),(209,' WC'),(209,'carbide powders TiC0.4'),(210,' Mo2C'),(210,' WC'),(210,'carbide powders TiC0.4'),(211,'metal powders'),(212,'TiZrHfNbTa and carbon black'),(254,'pure metallic strips'),(255,'pure metallic strips'),(256,'pure metallic strips'),(257,'pure metallic strips'),(258,'pure metallic strips'),(259,'pure metallic strips'),(260,'pure metallic strips'),(261,'pure metallic strips'),(262,'pure metallic strips'),(263,'pure metallic strips'),(264,'pure metallic strips'),(265,'pure metallic strips'),(266,'high-purity raw powders'),(267,'binary carbides'),(268,'binary carbides'),(269,'binary carbides'),(270,'binary carbides'),(272,' Mo'),(272,' Nb'),(272,' TaC powders'),(272,' W'),(272,'Re'),(273,'oxides and carbon black'),(274,'metal oxides'),(283,'metals'),(284,'metals'),(285,'metals'),(286,'metals'),(287,'metals'),(288,'metals'),(289,' graphite'),(289,' magnesium'),(289,'pentoxides'),(290,' graphite'),(290,' magnesium'),(290,'pentoxides'),(291,' graphite'),(291,' magnesium'),(291,'pentoxides'),(292,'metal powders'),(293,'metal powders'),(294,'high purity elements'),(295,'high purity elements'),(296,'high purity elements'),(297,' graphite'),(297,'metal oxides'),(298,' graphite'),(298,'metal oxides'),(299,' HfC'),(299,'(Hf(1–x)Tax)C'),(300,' HfC'),(300,'(Hf(1–x)Tax)C'),(301,' HfC'),(301,'(Hf(1–x)Tax)C'),(302,' graphitic carbon'),(302,'carbide powders'),(303,'carbide powders'),(304,' carbon black'),(304,'metal oxides'),(305,'carbide powder'),(306,'metal powders'),(307,'metal powders'),(308,'metal powders'),(309,' graphite'),(309,'metal powders'),(310,' graphite'),(310,'metal powders'),(311,' graphite'),(311,'metal powders'),(312,' graphite'),(312,'metal powders'),(313,' graphite'),(313,'metal powders'),(314,' graphite'),(314,'metal powders'),(315,'carbide powders'),(316,'carbide powders'),(317,'carbide powders'),(318,' graphite powders'),(318,' Mg'),(318,'metal oxides'),(319,' graphite'),(319,'metal powders'),(322,' ethanol'),(322,' urea'),(322,'metal compounds'),(323,'metal carbide powders'),(324,'metal carbide powders'),(325,'metal carbide powders'),(326,'metal carbide powders'),(327,'metal carbide powders'),(328,'metal carbide powders'),(329,'metal carbide powders'),(330,'metal carbide powders'),(331,'metal carbide powders'),(332,'metal carbide powders'),(333,'metal carbide powders'),(334,'metal carbide powders'),(335,' carbon'),(335,'HEA powders '),(335,'HEA powders and carbon'),(336,' graphite'),(336,'metal oxides'),(337,' graphite'),(337,'metal oxides'),(338,' graphite'),(338,'metal oxides'),(339,' graphite'),(339,'metal oxides'),(340,' graphite'),(340,'metal oxides'),(341,' graphite'),(341,'metal oxides'),(342,'metal carbide powders'),(343,'metal carbide powders'),(344,'metal carbide powders'),(345,'metal carbide powders'),(346,' Titanium n-propoxide'),(346,' Zirconium n-propoxide'),(346,'Metal chlorides'),(347,' Titanium n-propoxide'),(347,' Zirconium n-propoxide'),(347,'Metal chlorides'),(348,' Titanium n-propoxide'),(348,' Zirconium n-propoxide'),(348,'Metal chlorides'),(349,' Titanium n-propoxide'),(349,' Zirconium n-propoxide'),(349,'Metal chlorides'),(350,' Titanium n-propoxide'),(350,' Zirconium n-propoxide'),(350,'Metal chlorides'),(351,' graphite'),(351,'metal powders'),(359,' Ca'),(359,' graphite'),(359,'metal oxides'),(360,' Ca'),(360,' graphite'),(360,'metal oxides'),(361,' Ca'),(361,' graphite'),(361,'metal oxides'),(362,' Ca'),(362,' graphite'),(362,'metal oxides'),(363,' Ca'),(363,' graphite'),(363,'metal oxides'),(364,' Ca'),(364,' graphite'),(364,'metal oxides'),(365,' Ca'),(365,' graphite'),(365,'metal oxides'),(366,' Ca'),(366,' graphite'),(366,'metal oxides'),(367,' Nb'),(367,'metal carbide powders'),(368,' Nb'),(368,'metal carbide powders'),(369,' Nb'),(369,'metal carbide powders'),(371,' CH4'),(371,'HfNbTaTiZr alloy target'),(372,' graphite'),(372,' MoO3'),(372,'metal powders'),(373,'metal carbide powders'),(374,' graphite'),(374,'metal powders'),(380,' graphite'),(380,'metal powders'),(381,' C6H15N'),(381,' CH3(CH2)3OH'),(381,'C5H8O2'),(381,'metal chlorides'),(382,' C6H15N'),(382,' CH3(CH2)3OH'),(382,'C5H8O2'),(382,'metal chlorides'),(383,' C6H15N'),(383,' CH3(CH2)3OH'),(383,'C5H8O2'),(383,'metal chlorides'),(384,' C6H15N'),(384,' CH3(CH2)3OH'),(384,'C5H8O2'),(384,'metal chlorides'),(385,' C6H15N'),(385,' CH3(CH2)3OH'),(385,'C5H8O2'),(385,'metal chlorides'),(386,'metal carbide powders'),(387,'metal carbide powders'),(388,'metal carbide powders'),(389,'metal carbide powders');
/*!40000 ALTER TABLE `ingredients` ENABLE KEYS */;
UNLOCK TABLES;

--
-- Table structure for table `key_word`
--

DROP TABLE IF EXISTS `key_word`;
/*!40101 SET @saved_cs_client     = @@character_set_client */;
/*!50503 SET character_set_client = utf8mb4 */;
CREATE TABLE `key_word` (
  `DOI` varchar(500) NOT NULL COMMENT 'DOI',
  `WORD` varchar(500) NOT NULL COMMENT 'Ключевое слово',
  PRIMARY KEY (`DOI`,`WORD`),
  CONSTRAINT `BIB_WORD` FOREIGN KEY (`DOI`) REFERENCES `bibliography` (`DOI`) ON DELETE CASCADE ON UPDATE CASCADE
) ENGINE=InnoDB DEFAULT CHARSET=utf8mb3;
/*!40101 SET character_set_client = @saved_cs_client */;

--
-- Dumping data for table `key_word`
--

LOCK TABLES `key_word` WRITE;
/*!40000 ALTER TABLE `key_word` DISABLE KEYS */;
INSERT INTO `key_word` VALUES ('doi14htms60945','heat transfer '),('doi14htms60945','highentropy carbide'),('doi14htms60945','powder'),('doi14htms60945','SPS'),('doi14htms60945','ultra high temperarture ceramic'),('DOI: 10.1016/j.actamat.2020.06.011','Carbide'),('DOI: 10.1016/j.actamat.2020.06.011','Highentropy ceramics'),('DOI: 10.1016/j.actamat.2020.06.011','Irradiation damage'),('DOI: 10.1016/j.actamat.2020.06.011','Irradiation defects'),('DOI: 10.1016/j.ceramint.2019.01.238','Arc melting'),('DOI: 10.1016/j.ceramint.2019.01.238','Carbides solid solution'),('DOI: 10.1016/j.ceramint.2019.01.238','Rapid cooling'),('DOI: 10.1016/j.ceramint.2019.01.238','ultrahigh temperature ceramics'),('DOI: 10.1016/j.ceramint.2019.07.195','Carbide'),('DOI: 10.1016/j.ceramint.2019.07.195','Ceramic'),('DOI: 10.1016/j.ceramint.2019.07.195','Highentropy alloy'),('DOI: 10.1016/j.ceramint.2019.07.195','Highentropy carbide'),('DOI: 10.1016/j.ceramint.2019.07.195','Mechanical milling'),('DOI: 10.1016/j.ceramint.2019.07.195','Mechanosynthesis'),('DOI: 10.1016/j.ceramint.2020.12.201','Highentropy carbide'),('DOI: 10.1016/j.ceramint.2020.12.201','Outward diffusion'),('DOI: 10.1016/j.ceramint.2020.12.201','Oxidation resistance'),('DOI: 10.1016/j.ceramint.2020.12.201','Titaniumdepleted layer'),('DOI: 10.1016/j.ijrmhm.2021.105646','Hardness anisotropy'),('DOI: 10.1016/j.ijrmhm.2021.105646','Highentropy carbide'),('DOI: 10.1016/j.ijrmhm.2021.105646','Nanoindentation'),('DOI: 10.1016/j.ijrmhm.2021.105646','Slip systems'),('DOI: 10.1016/j.mtla.2019.100540','Electron backscatter diffraction'),('DOI: 10.1016/j.mtla.2019.100540','High entropy carbide'),('DOI: 10.1016/j.mtla.2019.100540','Metal matrix composite'),('DOI: 10.1016/j.mtla.2019.100540','Nanoindentation'),('DOI: 10.1016/j.mtla.2019.100540','Steel'),('DOI: 10.1016/j.scriptamat.2021.113909','Carbide'),('DOI: 10.1016/j.scriptamat.2021.113909','Eutectic composite'),('DOI: 10.1016/j.scriptamat.2021.113909','Mechanical properties'),('DOI: 10.1016/j.scriptamat.2021.113909','Refractory highentropy alloys'),('DOI: 10.1038/s41467018071607','EFA'),('DOI: 10.1038/s41467018071607','Energies calculation'),('DOI: 10.1038/s41467018071607','Highentropy carbide'),('DOI: 10.1038/s41467018071607','highhardness metal carbides'),('DOI: 10.1038/s41467018071607','Mechanical properties'),('DOI: 10.1038/s41467018071607','SPS'),('DOI: 10.1111/jace.16295','electrical resistivity'),('DOI: 10.1111/jace.16295','firstprinciples calculations'),('DOI: 10.1111/jace.16295','highentropy ceramics'),('DOI: 10.1111/jace.16295','mechanical properties'),('DOI: 10.1111/jace.16295','metal carbides'),('DOI:10.1007/s11106023003321','coefficient of friction'),('DOI:10.1007/s11106023003321','high entropy carbide'),('DOI:10.1007/s11106023003321','silicon carbide'),('DOI:10.1007/s11106023003321','wear resistance'),('DOI:10.1016/j.actamat.2018.12.054','Carbides '),('DOI:10.1016/j.actamat.2018.12.054','Entropystabilized'),('DOI:10.1016/j.actamat.2018.12.054','Firstprinciples'),('DOI:10.1016/j.actamat.2018.12.054','Hardness'),('DOI:10.1016/j.actamat.2018.12.054','Highentropy alloys'),('DOI:10.1016/j.actamat.2018.12.054','Highentropy carbides'),('DOI:10.1016/j.actamat.2018.12.054','Mechanical properties'),('DOI:10.1016/j.actamat.2018.12.054','Multicomponent'),('DOI:10.1016/j.actamat.2018.12.060','Carbides '),('DOI:10.1016/j.actamat.2018.12.060','Entropystabilized'),('DOI:10.1016/j.actamat.2018.12.060','Hardness'),('DOI:10.1016/j.actamat.2018.12.060','Highentropy alloys'),('DOI:10.1016/j.actamat.2018.12.060','Multicomponent'),('DOI:10.1016/j.actamat.2019.03.021','Highentropy ceramics'),('DOI:10.1016/j.actamat.2019.03.021','Mechanical performances'),('DOI:10.1016/j.actamat.2019.03.021','Metal carbides'),('DOI:10.1016/j.actamat.2019.03.021','Thermal physical properties'),('DOI:10.1016/j.actamat.2020.06.005','high entropy carbides'),('DOI:10.1016/j.actamat.2020.06.005','SEM'),('DOI:10.1016/j.actamat.2020.06.005','SPS'),('DOI:10.1016/j.actamat.2020.06.005','sputter deposition'),('DOI:10.1016/j.actamat.2020.06.005','thermal conductivity'),('DOI:10.1016/j.actamat.2020.06.005','XRD'),('DOI:10.1016/j.actamat.2021.117051','Carbon stoichiometry'),('DOI:10.1016/j.actamat.2021.117051','First principle calculation'),('DOI:10.1016/j.actamat.2021.117051','Hardness'),('DOI:10.1016/j.actamat.2021.117051','High entropy carbide'),('DOI:10.1016/j.actamat.2021.117051','Mechanical property'),('DOI:10.1016/j.actamat.2021.117051','Nanoindentation'),('DOI:10.1016/j.ceramint.2018.07.149','A. Powders: solid state reaction'),('DOI:10.1016/j.ceramint.2018.07.149','A. Sintering'),('DOI:10.1016/j.ceramint.2018.07.149','D. Carbides'),('DOI:10.1016/j.ceramint.2018.07.149','Solid solution'),('DOI:10.1016/j.ceramint.2018.08.100','Carbide'),('DOI:10.1016/j.ceramint.2018.08.100','Composition'),('DOI:10.1016/j.ceramint.2018.08.100','Highentropy '),('DOI:10.1016/j.ceramint.2018.08.100','Microstructure'),('DOI:10.1016/j.ceramint.2018.08.100','Oxidation'),('DOI:10.1016/j.ceramint.2019.07.244','Highentropy materials'),('DOI:10.1016/j.ceramint.2019.07.244','Nanopowders'),('DOI:10.1016/j.ceramint.2019.07.244','Precursorderived ceramics'),('DOI:10.1016/j.ceramint.2019.07.244','Transition metal carbide'),('DOI:10.1016/j.ceramint.2020.04.230','Highentropy ceramic'),('DOI:10.1016/j.ceramint.2020.05.240','Carbide'),('DOI:10.1016/j.ceramint.2020.05.240','Ceramic'),('DOI:10.1016/j.ceramint.2020.05.240','High Entropy Alloys'),('DOI:10.1016/j.ceramint.2020.05.240','High Entropy Carbide'),('DOI:10.1016/j.ceramint.2020.05.240','Mechanical Milling'),('DOI:10.1016/j.ceramint.2020.05.240','Mechanosynthesis'),('DOI:10.1016/j.ceramint.2020.11.096','(Ti, Zr, Hf)2SC'),('DOI:10.1016/j.ceramint.2020.11.096','Characterization'),('DOI:10.1016/j.ceramint.2020.11.096','Mediumentropy MAX phase'),('DOI:10.1016/j.ceramint.2020.11.096','Synthesis'),('DOI:10.1016/j.ceramint.2021.02.013','Electronic structure and lattice distortion'),('DOI:10.1016/j.ceramint.2021.02.013','Fracture toughness'),('DOI:10.1016/j.ceramint.2021.02.013','Hardness'),('DOI:10.1016/j.ceramint.2021.02.013','High entropy carbide'),('DOI:10.1016/j.ceramint.2021.02.013','Microstructure'),('DOI:10.1016/j.ceramint.2021.02.264','carbides'),('DOI:10.1016/j.ceramint.2021.02.264','grain size'),('DOI:10.1016/j.ceramint.2021.02.264','mechanical properties'),('DOI:10.1016/j.ceramint.2021.02.264','modulus of elasticity'),('DOI:10.1016/j.ceramint.2021.02.264','spark plasma sintering'),('DOI:10.1016/j.ceramint.2021.08.158','Highenergy ball milling'),('DOI:10.1016/j.ceramint.2021.08.158','Highentropy carbide (TiTaNbZrHf)С'),('DOI:10.1016/j.ceramint.2021.08.158','Highentropy carbide (TiTaNbZrHf)‘'),('DOI:10.1016/j.ceramint.2021.08.158','mechanochemical synthesis'),('DOI:10.1016/j.ceramint.2021.08.158','Thermal stability'),('DOI:10.1016/j.ceramint.2021.11.317','High entropy carbides'),('DOI:10.1016/j.ceramint.2021.11.317','Mechanical properties'),('DOI:10.1016/j.ceramint.2021.11.317','Microstructurefinal'),('DOI:10.1016/j.ceramint.2021.11.317','Milling'),('DOI:10.1016/j.ceramint.2021.11.317','Sintering'),('DOI:10.1016/j.ceramint.2021.12.038','Anion vacancies'),('DOI:10.1016/j.ceramint.2021.12.038','Low sintering temperature'),('DOI:10.1016/j.ceramint.2021.12.038','Mechanical properties'),('DOI:10.1016/j.ceramint.2021.12.038','Nonstoichiometric highentropy carbides'),('DOI:10.1016/j.ceramint.2022.02.135','Highentropy carbide ceramics'),('DOI:10.1016/j.ceramint.2022.02.135','Microstructure'),('DOI:10.1016/j.ceramint.2022.02.135','Polymer precursor'),('DOI:10.1016/j.ceramint.2022.02.135','Solid solutions'),('DOI:10.1016/j.ceramint.2022.07.036','Highentropy ceramics'),('DOI:10.1016/j.ceramint.2022.07.036','Mechanical properties'),('DOI:10.1016/j.ceramint.2022.07.036','Microstructure'),('DOI:10.1016/j.ceramint.2022.07.036','Oxidation behavior'),('DOI:10.1016/j.ceramint.2022.07.036','Ti(C,N)HECsHEA highEntropy cermets'),('DOI:10.1016/j.compositesb.2021.108681','Exothermic reaction'),('DOI:10.1016/j.compositesb.2021.108681','High entropy carbides'),('DOI:10.1016/j.compositesb.2021.108681','Insitu synthesis'),('DOI:10.1016/j.compositesb.2021.108681','Interlocking structure'),('DOI:10.1016/j.compositesb.2021.108681','Microstructure'),('DOI:10.1016/j.corsci.2019.04.001','highentropy ceramics'),('DOI:10.1016/j.corsci.2019.04.001','Oxidation behavior'),('DOI:10.1016/j.corsci.2019.04.001','Parabolic rate law'),('DOI:10.1016/j.corsci.2019.04.001','Solid solutions'),('DOI:10.1016/j.corsci.2019.04.001','Ultrahigh temperature ceramics'),('DOI:10.1016/j.corsci.2021.109359','Ablation resistance'),('DOI:10.1016/j.corsci.2021.109359','Carbonitride'),('DOI:10.1016/j.corsci.2021.109359','Highentropy material'),('DOI:10.1016/j.corsci.2021.109359','Ultrahigh temperature ceramic'),('DOI:10.1016/j.ijrmhm.2018.12.011','Combustion'),('DOI:10.1016/j.ijrmhm.2018.12.011','Mechanosynthesis'),('DOI:10.1016/j.ijrmhm.2021.105567','Calcium treatment'),('DOI:10.1016/j.ijrmhm.2021.105567','Compound carbide'),('DOI:10.1016/j.ijrmhm.2021.105567','High entropy carbide'),('DOI:10.1016/j.ijrmhm.2022.105859','Highentropy carbide ceramic'),('DOI:10.1016/j.ijrmhm.2022.105859','Mechanical properties'),('DOI:10.1016/j.ijrmhm.2022.105859','Microstructure'),('DOI:10.1016/j.ijrmhm.2022.105859','Vacuum arc melting'),('DOI:10.1016/j.ijrmhm.2022.105914','Cermets'),('DOI:10.1016/j.ijrmhm.2022.105914','High entropy carbides'),('DOI:10.1016/j.ijrmhm.2022.105914','Microstructure'),('DOI:10.1016/j.ijrmhm.2022.105914','Nanoindentation'),('DOI:10.1016/j.ijrmhm.2022.105914','Pressureless sintering'),('DOI:10.1016/j.ijrmhm.2023.106114','Friction and wear'),('DOI:10.1016/j.ijrmhm.2023.106114','Highentropy carbides'),('DOI:10.1016/j.ijrmhm.2023.106114','Microstructure'),('DOI:10.1016/j.ijrmhm.2023.106114','Spark plasma sintering'),('DOI:10.1016/j.jallcom.2018.05.180','Highentropy alloys'),('DOI:10.1016/j.jallcom.2018.05.180','Mechanical properties'),('DOI:10.1016/j.jallcom.2018.05.180','Microstructures'),('DOI:10.1016/j.jallcom.2018.05.180','Powder metallurgy'),('DOI:10.1016/j.jallcom.2019.02.254','Ab initio calculations'),('DOI:10.1016/j.jallcom.2019.02.254','Highentropy compounds'),('DOI:10.1016/j.jallcom.2019.02.254','Quasiharmonic DebyeGr?neisen model'),('DOI:10.1016/j.jallcom.2019.02.254','Special quasirandom structures'),('DOI:10.1016/j.jallcom.2019.02.254','Thermodynamic properties'),('DOI:10.1016/j.jallcom.2019.03.403','Carbides'),('DOI:10.1016/j.jallcom.2019.03.403','Cold rolling'),('DOI:10.1016/j.jallcom.2019.03.403','Highentropy alloy'),('DOI:10.1016/j.jallcom.2019.03.403','Mechanical properties'),('DOI:10.1016/j.jallcom.2019.152523','Carbides'),('DOI:10.1016/j.jallcom.2019.152523','Highentropy ceramics'),('DOI:10.1016/j.jallcom.2019.152523','Oxidation resistanc'),('DOI:10.1016/j.jallcom.2019.152523','SPS'),('DOI:10.1016/j.jallcom.2019.152523','Water vapor'),('DOI:10.1016/j.jallcom.2023.168737','Carbides'),('DOI:10.1016/j.jallcom.2023.168737','Highentropy ceramics'),('DOI:10.1016/j.jallcom.2023.168737','Phase evolutions'),('DOI:10.1016/j.jallcom.2023.168737','Polymer derived ceramics'),('DOI:10.1016/j.jmrt.2023.01.053','Carbides'),('DOI:10.1016/j.jmrt.2023.01.053','Electrical properties'),('DOI:10.1016/j.jmrt.2023.01.053','Electrocatalysis'),('DOI:10.1016/j.jmrt.2023.01.053','Grain conductivity'),('DOI:10.1016/j.jmrt.2023.01.053','Highentropy ceramics'),('DOI:10.1016/j.jmst.2019.04.006','(Zr0.2Hf0.2Ti0.2 Nb0.2Ta0.2)C'),('DOI:10.1016/j.jmst.2019.04.006','High entropy ceramics'),('DOI:10.1016/j.jmst.2019.04.006','Porosity'),('DOI:10.1016/j.jmst.2019.04.006','Thermal conductivity'),('DOI:10.1016/j.jmst.2019.04.006','Ultrahigh temperature ceramics (UHTCs)'),('DOI:10.1016/j.jmst.2019.07.056','(TiZrNbTaMo)C'),('DOI:10.1016/j.jmst.2019.07.056','Enhanced hardness'),('DOI:10.1016/j.jmst.2019.07.056','Highentropy ceramic'),('DOI:10.1016/j.jmst.2019.07.056','Microstructure'),('DOI:10.1016/j.jmst.2020.02.049','Anion vacancies'),('DOI:10.1016/j.jmst.2020.02.049','Mediumentropy carbide'),('DOI:10.1016/j.jmst.2020.02.049','Solid solution strengthening'),('DOI:10.1016/j.jmst.2020.10.016','Crystal field theory'),('DOI:10.1016/j.jmst.2020.10.016','Electromagnetic parameters'),('DOI:10.1016/j.jmst.2020.10.016','Electronic structure'),('DOI:10.1016/j.jmst.2020.10.016','High entropy ceramics'),('DOI:10.1016/j.jmst.2020.10.016','Microwave absorption'),('DOI:10.1016/j.jmst.2020.10.016','Transition metal carbides'),('DOI:10.1016/j.jmst.2020.12.015','Composite'),('DOI:10.1016/j.jmst.2020.12.015','Eutectic structure'),('DOI:10.1016/j.jmst.2020.12.015','Highentropy alloy'),('DOI:10.1016/j.jmst.2020.12.015','Strength'),('DOI:10.1016/j.jmst.2020.12.015','Strengthening mechanism'),('DOI:10.1016/j.jmst.2021.12.063','Carbon stoichiometry'),('DOI:10.1016/j.jmst.2021.12.063','Highentropy ceramics'),('DOI:10.1016/j.jmst.2021.12.063','Low temperature synthesis'),('DOI:10.1016/j.jmst.2021.12.063','Transition metal carbide'),('DOI:10.1016/j.jmst.2021.12.063','Tunable mechanical properties'),('DOI:10.1016/j.matchemphys.2021.124741','Anticorrosion'),('DOI:10.1016/j.matchemphys.2021.124741','Antiglass sticking'),('DOI:10.1016/j.matchemphys.2021.124741','High entropy alloy'),('DOI:10.1016/j.matchemphys.2021.124741','Tribology '),('DOI:10.1016/j.matdes.2018.03.068','CrNbTaTiW'),('DOI:10.1016/j.matdes.2018.03.068','Epitaxial'),('DOI:10.1016/j.matdes.2018.03.068','Hardness'),('DOI:10.1016/j.matdes.2018.03.068','High entropy alloys'),('DOI:10.1016/j.matdes.2018.03.068','Multicomponent carbides'),('DOI:10.1016/j.matdes.2018.03.068','Sputtering'),('DOI:10.1016/j.matdes.2021.109634','Ab initio molecular dynamics'),('DOI:10.1016/j.matdes.2021.109634','Elastic properties'),('DOI:10.1016/j.matdes.2021.109634','Refractory ceramics'),('DOI:10.1016/j.matdes.2021.109634','Temperature effects'),('DOI:10.1016/j.matlet.2021.131363','Carbides'),('DOI:10.1016/j.matlet.2021.131363','Highentropy ceramics'),('DOI:10.1016/j.matlet.2021.131363','Mechanical alloying'),('DOI:10.1016/j.matlet.2021.131363','Spark plasma sintering'),('DOI:10.1016/j.mencom.2022.11.037','borides'),('DOI:10.1016/j.mencom.2022.11.037','carbides'),('DOI:10.1016/j.mencom.2022.11.037','highenergy shockwave treatment'),('DOI:10.1016/j.mencom.2022.11.037','highentropy ceramics'),('DOI:10.1016/j.mencom.2022.11.037','solid solutions'),('DOI:10.1016/j.msea.2020.140520','High entropy carbides'),('DOI:10.1016/j.msea.2020.140520','Mechanical properties'),('DOI:10.1016/j.msea.2020.140520','Microstructure'),('DOI:10.1016/j.msea.2020.140520','Reaction synthesis'),('DOI:10.1016/j.msea.2020.140520','Thermal properties'),('DOI:10.1016/j.oceram.2020.100015','Flexural strength'),('DOI:10.1016/j.oceram.2020.100015','Highentropy ceramics'),('DOI:10.1016/j.oceram.2020.100015','Hightemperature materials'),('DOI:10.1016/j.oceram.2020.100015','Mediumentropy ceramics'),('DOI:10.1016/j.oceram.2020.100015','Transition metal carbides'),('DOI:10.1016/j.physb.2018.09.014','Density functional calculation'),('DOI:10.1016/j.physb.2018.09.014','High pressure'),('DOI:10.1016/j.physb.2018.09.014','Highentropy carbides'),('DOI:10.1016/j.physb.2018.09.014','Mechanical properties'),('DOI:10.1016/j.scriptamat.2018.10.049','Carbothermal reduction'),('DOI:10.1016/j.scriptamat.2018.10.049','Highentropy carbide'),('DOI:10.1016/j.scriptamat.2018.10.049','Solid solution'),('DOI:10.1016/j.scriptamat.2018.10.049','Synthesis'),('DOI:10.1016/j.scriptamat.2018.10.049','Ultrahigh temperature ceramics'),('DOI:10.1016/j.scriptamat.2019.01.024','ceramics'),('DOI:10.1016/j.scriptamat.2019.01.024','Flexural strength'),('DOI:10.1016/j.scriptamat.2019.01.024','High temperature materials'),('DOI:10.1016/j.scriptamat.2019.01.024','Highentropy carbides'),('DOI:10.1016/j.scriptamat.2019.01.024','Tantalum carbide'),('DOI:10.1016/j.scriptamat.2019.05.039','Borides'),('DOI:10.1016/j.scriptamat.2019.05.039','Carbides'),('DOI:10.1016/j.scriptamat.2019.05.039','Highentropy ceramics'),('DOI:10.1016/j.scriptamat.2019.05.039','Spark plasma sintering'),('DOI:10.1016/j.scriptamat.2019.05.039','Ultrahigh temperature ceramics'),('DOI:10.1016/j.scriptamat.2020.10.038','Carbides'),('DOI:10.1016/j.scriptamat.2020.10.038','High entropy carbides'),('DOI:10.1016/j.scriptamat.2020.10.038','Oxidation'),('DOI:10.1016/j.scriptamat.2021.114091','Arc melting'),('DOI:10.1016/j.scriptamat.2021.114091','High entropy carbides'),('DOI:10.1016/j.scriptamat.2021.114091','High entropy ceramics'),('DOI:10.1016/j.scriptamat.2021.114091','Refractory carbides'),('DOI:10.1016/j.scriptamat.2021.114091','Solidification'),('DOI:10.1016/j.triboint.2021.106883','Elevated temperature'),('DOI:10.1016/j.triboint.2021.106883','Highentropy carbide'),('DOI:10.1016/j.triboint.2021.106883','Mechanical properties'),('DOI:10.1016/j.triboint.2021.106883','Tribological behaviors'),('doi:10.1088/1757899X/558/1/012043','Hardness'),('doi:10.1088/1757899X/558/1/012043','Highentropy carbide'),('doi:10.1088/1757899X/558/1/012043','Microstructure'),('DOI:10.1111/jace.17332','highentropy carbide ceramics'),('DOI:10.1111/jace.17332','microstructure'),('DOI:10.1111/jace.17332','nanoparticles'),('DOI:10.1111/jace.17332','polymer precursor'),('DOI:10.1111/jace.17332','rare earths'),('DOI:10.1111/jace.17443','dislocation'),('DOI:10.1111/jace.17443','highentropy carbides'),('DOI:10.1111/jace.17443','hightemperature flexural strength'),('DOI:10.1111/jace.17443','mechanical properties');
/*!40000 ALTER TABLE `key_word` ENABLE KEYS */;
UNLOCK TABLES;

--
-- Table structure for table `logs`
--

DROP TABLE IF EXISTS `logs`;
/*!40101 SET @saved_cs_client     = @@character_set_client */;
/*!50503 SET character_set_client = utf8mb4 */;
CREATE TABLE `logs` (
  `dat` date NOT NULL COMMENT 'Дата изменения',
  `time` varchar(30) NOT NULL COMMENT 'Время изменения',
  `user` varchar(50) NOT NULL COMMENT 'Пользователь',
  `action` text NOT NULL COMMENT 'Действие',
  PRIMARY KEY (`time`,`dat`,`user`,`action`(50))
) ENGINE=InnoDB DEFAULT CHARSET=utf8mb4 COLLATE=utf8mb4_0900_ai_ci;
/*!40101 SET character_set_client = @saved_cs_client */;

--
-- Dumping data for table `logs`
--

LOCK TABLES `logs` WRITE;
/*!40000 ALTER TABLE `logs` DISABLE KEYS */;
INSERT INTO `logs` VALUES ('2023-04-26','10:03:33.926224Z','root@localhost','delete from logs ');
/*!40000 ALTER TABLE `logs` ENABLE KEYS */;
UNLOCK TABLES;

--
-- Table structure for table `measurements`
--

DROP TABLE IF EXISTS `measurements`;
/*!40101 SET @saved_cs_client     = @@character_set_client */;
/*!50503 SET character_set_client = utf8mb4 */;
CREATE TABLE `measurements` (
  `PRODUCT_ID` int NOT NULL COMMENT 'ID в базе данных',
  `MEASURED_PARAMETER` varchar(500) NOT NULL COMMENT 'Измеренный параметр',
  `MEASURED_UNIT` varchar(500) DEFAULT NULL COMMENT 'Единица измерения измеренного параметра',
  `MEASURED_MIN_VALUE` double DEFAULT NULL COMMENT 'Минимальное значение измеренного параметра',
  `MEASURED_MAX_VALUE` double DEFAULT NULL COMMENT 'Максимальное значение измеренного параметра',
  PRIMARY KEY (`MEASURED_PARAMETER`,`PRODUCT_ID`),
  KEY `PARAMETER` (`MEASURED_PARAMETER`),
  KEY `PRODUCT_ID` (`PRODUCT_ID`),
  CONSTRAINT `PROD_MEAS` FOREIGN KEY (`PRODUCT_ID`) REFERENCES `synthesis_product` (`PRODUCT_ID`) ON DELETE CASCADE ON UPDATE CASCADE
) ENGINE=InnoDB DEFAULT CHARSET=utf8mb4 COLLATE=utf8mb4_0900_ai_ci;
/*!40101 SET character_set_client = @saved_cs_client */;

--
-- Dumping data for table `measurements`
--

LOCK TABLES `measurements` WRITE;
/*!40000 ALTER TABLE `measurements` DISABLE KEYS */;
INSERT INTO `measurements` VALUES (368,' δ criterion/descriptor','%',NULL,6.7),(160,'ablation resistance improving','%',56,58),(329,'Amount of HEC phase','wt%',93.1,93.1),(330,'Amount of HEC phase','wt%',94.8,94.8),(331,'Amount of HEC phase','wt%',95.6,95.6),(332,'Amount of HEC phase','wt%',97.7,97.7),(329,'Archimedes’ density','g·cm3',9.224,9.224),(330,'Archimedes’ density','g·cm3',9.287,9.287),(331,'Archimedes’ density','g·cm3',8.936,8.936),(332,'Archimedes’ density','g·cm3',8.468,8.468),(283,'average crystallite size','nm',47,47),(284,'average crystallite size','nm',55,55),(285,'average crystallite size','nm',48,48),(286,'average crystallite size','nm',46,46),(287,'average crystallite size','nm',67,67),(288,'average crystallite size','nm',63,63),(185,'average grain size','μm',1.1,1.1),(186,'average grain size','μm',9,9),(187,'average grain size','μm',12.4,12.4),(188,'average grain size','μm',8.2,8.2),(189,'average grain size','μm',6.4,6.4),(190,'average grain size','μm',23.7,23.7),(191,'average grain size','μm',9.7,9.7),(192,'average grain size','μm',7.9,7.9),(193,'average grain size','μm',16.1,16.1),(194,'average grain size','μm',10.2,10.2),(195,'average grain size','μm',10.3,10.3),(196,'average grain size','μm',11,11),(197,'average grain size','μm',9.9,9.9),(273,'average grain size','μm',0.6,1.2),(305,'average grain size','μm',8.2021,8.2021),(69,'Average grain sizes','nm',1.1,2.3),(70,'Average grain sizes','nm',1.9,3.7),(71,'Average grain sizes','nm',3.2,5.6),(72,'Average grain sizes','nm',3.6,6.8),(266,'average indentation modulus','GPa',597,613),(62,'average total thicknesses of oxide layers','μm',133.9,133.9),(336,'Bulk density','g·cm3',3.03,3.03),(337,'Bulk density','g·cm3',3.78,3.78),(338,'Bulk density','g·cm3',5.49,5.49),(339,'Bulk density','g·cm3',9.49,9.49),(340,'Bulk density','g·cm3',9.8,9.8),(341,'Bulk density','g·cm3',9.78,9.78),(38,'bulk module','GPa',266.6,266.6),(39,'bulk module','GPa',283.5,283.5),(267,'bulk moduli','GPa',256,290),(268,'bulk moduli','GPa',257,281),(269,'bulk moduli','GPa',288,288),(270,'bulk moduli','GPa',311,311),(22,'Bulk modulus','GPa',264.4,264.4),(23,'Compressive strength','MPa',3.45,3.45),(272,'compressive strength','MPa',2307,2387),(159,'conversion of ammonia','%',100,100),(1,'Crystal domain size','nm',28.5,29.5),(185,'density','g/cm^3',6.58,6.58),(186,'density','g/cm^3',4.78,4.78),(187,'density','g/cm^3',6.38,6.38),(188,'density','g/cm^3',7.22,7.22),(189,'density','g/cm^3',9.37,9.37),(190,'density','g/cm^3',9.39,9.39),(191,'density','g/cm^3',9.42,9.42),(192,'density','g/cm^3',6.49,6.49),(193,'density','g/cm^3',9.94,9.94),(194,'density','g/cm^3',10.18,10.18),(195,'density','g/cm^3',8.42,8.42),(196,'density','g/cm^3',9.23,9.23),(197,'density','g/cm^3',9.22,9.22),(302,'density','g/cm^3',8.14,8.14),(147,'diameter size','nm',5,NULL),(148,'diameter size','nm',5,NULL),(149,'diameter size','nm',5,NULL),(150,'diameter size','nm',5,NULL),(151,'diameter size','nm',5,NULL),(152,'diameter size','nm',5,NULL),(153,'diameter size','nm',3.99,6.61),(154,'diameter size','nm',NULL,NULL),(158,'diameter size','nm',2.47,4.09),(48,'effective absorption bandwidth','GHz',6,6),(49,'effective absorption bandwidth','GHz',2.3,2.3),(50,'effective absorption bandwidth','GHz',6.1,6.1),(32,'elastic module','GPa',460,460),(33,'elastic module','GPa',464,464),(34,'elastic module','GPa',475,475),(35,'elastic module','GPa',490,490),(36,'elastic module','GPa',493,493),(37,'elastic module','GPa',466,466),(43,'Elastic module','GPa',291.7,327.3),(44,'Elastic module','GPa',353.3,405.1),(45,'Elastic module','GPa',532,504),(52,'Elastic module after irradiation (20 dpa/500 °C)','GPa',329.2,359.4),(52,'Elastic module after irradiation (20 dpa/500 В°C)','GPa',329.2,359.4),(52,'Elastic module without irradiation','GPa',329.5,349.5),(9,'Elastic modulus','GPa',440,440),(10,'Elastic modulus','GPa',500,500),(11,'Elastic modulus','GPa',480,480),(12,'Elastic modulus','GPa',470,470),(13,'Elastic modulus','GPa',480,480),(14,'Elastic modulus','GPa',NULL,NULL),(15,'Elastic modulus','GPa',NULL,NULL),(16,'Elastic modulus','GPa',530,530),(17,'Elastic modulus','GPa',480,480),(18,'Elastic modulus','GPa',NULL,NULL),(19,'Elastic modulus','GPa',NULL,NULL),(20,'Elastic modulus','GPa',NULL,NULL),(322,'electrical conductivity','S cm−1',0.000045,0.000045),(45,'Electrical resistivity','μΩ*cm',89.7,92.3),(163,'Electrical resistivity','μΩ⋅m',3.3,3.3),(303,'Energies','Ev/atom',9.668,9.668),(68,'Engineering yield strength','MPa',937,937),(309,'Experimental DRX a','Å',4.49,4.502),(310,'Experimental DRX a','Å',4.486,4.504),(311,'Experimental DRX a','Å',4.517,4.535),(312,'Experimental DRX a','Å',4.428,4.452),(313,'Experimental DRX a','Å',4.419,4.431),(314,'Experimental DRX a','Å',4.481,4.505),(309,'Experimental SAED a','Å',4.485,4.515),(310,'Experimental SAED a','Å',4.478,4.52),(311,'Experimental SAED a','Å',4.502,4.542),(312,'Experimental SAED a','Å',4.436,4.462),(313,'Experimental SAED a','Å',4.369,4.429),(314,'Experimental SAED a','Å',4.468,4.514),(61,'Flectural strength','MPa',560,560),(40,'flexural strength','MPa',436,484),(372,'flexural strength','MPa',530,530),(38,'formation enthalpy','kJ/mol',47.8,47.8),(39,'formation enthalpy','kJ/mol',302,302),(40,'fracture toughness','MPa*m^(1/2)',2.9,2.9),(46,'fracture toughness','MPa*m^(1/2)',3.56,3.56),(209,'fracture toughness','MPa*m^(1/2)',3.2021,3.2021),(210,'fracture toughness','MPa*m^(1/2)',2.2021,2.2021),(299,'Fracture toughness','MPa*m^(1/2)',NULL,NULL),(300,'Fracture toughness','MPa*m^(1/2)',5.05,5.13),(301,'Fracture toughness','MPa*m^(1/2)',4.97,5.33),(315,'fracture toughness','MPa*m^(1/2)',1.9,2.3),(316,'fracture toughness','MPa*m^(1/2)',1.8,2.4),(317,'fracture toughness','MPa*m^(1/2)',2.1,2.7),(318,'fracture toughness','MPa*m^(0.5)',3.04,4.44),(342,'Fracture toughness','MPa*m^(1/2)',3.2,3.2),(343,'Fracture toughness','MPa*m^(1/2)',12.9,12.9),(386,'Fracture toughness','MPa В· m^(1/2)',5,5.8),(387,'Fracture toughness','MPa В· m^(1/2)',4.7,5.7),(388,'Fracture toughness','MPa В· m^(1/2)',4.8,6.4),(389,'Fracture toughness','MPa В· m^(1/2)',4.5,6.9),(390,'Fracture toughness','MPa В· m^(1/2)',3.9,5.1),(53,'Grain size','μm',50,20),(54,'Grain size','μm',40,100),(55,'Grain size','μm',80,30),(56,'Grain size','μm',40,10),(57,'Grain size','μm',5,20),(58,'Grain size','μm',50,20),(59,'Grain size','μm',50,20),(60,'Grain size','μm',50,20),(160,'Grain size','um',7,4),(161,'Grain size','um',2,1),(266,'grain size','μm',5,20),(302,'grain size','μm',3.5,7.5),(323,'grain size','μm',NULL,NULL),(324,'grain size','μm',1.03,1.17),(325,'grain size','μm',1.08,1.32),(326,'grain size','μm',1.86,1.94),(327,'grain size','μm',2.13,2.27),(328,'grain size','μm',6.2,6.4),(5,'Hardness','GPa',34.5,37.7),(9,'Hardness','GPa',33,33),(10,'Hardness','GPa',29,29),(11,'Hardness','GPa',28,28),(12,'Hardness','GPa',33,33),(13,'Hardness','GPa',31,31),(14,'Hardness','GPa',NULL,NULL),(15,'Hardness','GPa',NULL,NULL),(16,'Hardness','GPa',27,27),(17,'Hardness','GPa',27,27),(18,'Hardness','GPa',NULL,NULL),(19,'Hardness','GPa',NULL,NULL),(20,'Hardness','GPa',NULL,NULL),(43,'Hardness','GPa',25.5,30.3),(44,'Hardness','GPa',28.8,35),(61,'Hardness','GPa',25.3,29.9),(69,'Hardness','GPa',16,16),(70,'Hardness','GPa',17,17),(71,'Hardness','GPa',18,18),(72,'Hardness','GPa',19.5,19.5),(75,'Hardness','GPa',22.62,14.33),(163,'Hardness','GPa',8.9,9.7),(176,'Hardness','GPa',26.5,26.5),(177,'Hardness','GPa',21.4,21.4),(178,'Hardness','GPa',15.7,15.7),(179,'Hardness','GPa',16.9,16.9),(180,'Hardness','GPa',35.5,35.5),(181,'Hardness','GPa',35.3,35.3),(182,'Hardness','GPa',26.8,26.8),(183,'Hardness','GPa',20.2,20.2),(184,'Hardness','GPa',11.7,11.7),(254,'Hardness','GPa',36.9,37.9),(255,'Hardness','GPa',32.4,37.6),(256,'Hardness','GPa',31.7,38.9),(257,'Hardness','GPa',34.3,35.9),(258,'Hardness','GPa',32.8,35.4),(259,'Hardness','GPa',31.3,33.5),(260,'Hardness','GPa',26.4,26.6),(261,'Hardness','GPa',25.4,26.6),(262,'Hardness','GPa',18.1,22.5),(263,'Hardness','GPa',18.4,20.2),(264,'Hardness','GPa',12.9,15.9),(265,'Hardness','GPa',11.6,13.4),(274,'hardness','GPa',30,30),(292,'Hardness','GPa',22.2,29.2),(293,'Hardness','GPa',22.2,29.2),(299,'Hardness','GPa',18.94,20.44),(300,'Hardness','GPa',18.93,20.37),(301,'Hardness','GPa',19.1,20.86),(371,'Hardness (Berkovich indenter)','GPa',21,27),(374,'highest rate of mass gain','◦C',620,620),(289,'Ignition time','min',10,10),(290,'Ignition time','min',10,10),(291,'Ignition time','min',23,23),(283,'lattice strain','%',0.162,0.162),(284,'lattice strain','%',0.18,0.18),(285,'lattice strain','%',0.209,0.209),(286,'lattice strain','%',0.152,0.152),(287,'lattice strain','%',0.143,0.143),(288,'lattice strain','%',0.153,0.153),(161,'mass ablation rate','g/s',NULL,0.0338),(323,'Measured density','g·cm3',9.538,9.542),(324,'Measured density','g·cm3',10.097,10.143),(325,'Measured density','g·cm3',10.213,10.227),(326,'Measured density','g·cm3',10.119,10.281),(327,'Measured density','g·cm3',10.273,10.287),(328,'Measured density','g·cm3',10.136,10.204),(205,'melting point','◦C',4000,4000),(198,'microhardness',NULL,NULL,NULL),(199,'microhardness',NULL,NULL,NULL),(200,'microhardness','GPa',24,26.8),(201,'microhardness',NULL,NULL,NULL),(202,'microhardness','GPa',28.2,31.8),(203,'microhardness','GPa',30.3,33.5),(209,'microhardness','GPa',23.7,23.7),(210,'microhardness','GPa',23.7,23.7),(342,'Microhardness','GPa',18.75,18.75),(343,'Microhardness','GPa',17.83,17.83),(48,'minimum reflection loss','dB',55.8,55.8),(49,'minimum reflection loss','dB',38.5,38.5),(50,'minimum reflection loss','dB',41.1,41.1),(306,'mixing enthalpy','kJ*mol^(1)',1.264,1.264),(307,'mixing enthalpy','kJ*mol^(1)',10.916,10.916),(308,'mixing enthalpy','kJ*mol^(1)',15.912,15.912),(306,'mixing entropy','J*K^(1)*mol^(1)',14.088,14.088),(307,'mixing entropy','J*K^(1)*mol^(1)',15.529,15.529),(308,'mixing entropy','J*K^(1)*mol^(1)',14.98,14.98),(63,'Nanohardness','GPa',32.8,35.4),(64,'Nanohardness','GPa',34.6,35.6),(65,'Nanohardness','GPa',32.8,37.4),(66,'Nanohardness','GPa',29.9,32.5),(303,'Nanohardness','GPa',29.1,31.5),(53,'oxidation onset temperature','◦C',785,785),(54,'oxidation onset temperature','◦C',660,660),(55,'oxidation onset temperature','◦C',540,540),(56,'oxidation onset temperature','◦C',732,732),(57,'oxidation onset temperature','◦C',742,742),(58,'oxidation onset temperature','◦C',860,860),(59,'oxidation onset temperature','◦C',769,769),(60,'oxidation onset temperature','◦C',795,795),(25,'oxidation response','◦C',700,700),(26,'oxidation response','°C',830,830),(27,'oxidation response','◦C',780,780),(28,'oxidation response','◦C',950,950),(29,'oxidation response','◦C',830,830),(30,'oxidation response','◦C',700,700),(31,'oxidation response','◦C',830,830),(42,'oxidation temperature','K',1073,1073),(21,'Oxygen content','wt%',0.2,0.2),(344,'Palmqvist indentation fracture toughness (K1c)','MPa*m^(1/2)',9,10),(345,'Palmqvist indentation fracture toughness (K1c)','MPa*m^(1/2)',9,9.4),(344,'Palmqvist indentation fracture toughness (K1c) ','MPa.m^(1/2)',9,10),(345,'Palmqvist indentation fracture toughness (K1c) ','MPa.m^(1/2)',9,9.399999999999999),(42,'parabolic oxidation rate constant','(mg^2)/(cm^4)*h',0.573,0.573),(21,'Particle size','nm',550,550),(24,'Particle size','nm',127,137),(4,'Particles\' size','micron',2,2),(23,'Porosity','%',80.99,80.99),(336,'Porosity','%',71.09,71.09),(337,'Porosity','%',63.62,63.62),(338,'Porosity','%',46.44,46.44),(339,'Porosity','%',9.88,9.88),(340,'Porosity','%',5.77,5.77),(341,'Porosity','%',4.68,4.68),(274,'related density','%',98,98),(292,'Relative density','%',94.8,94.8),(293,'Relative density','%',93.8,93.8),(305,'relative density','%',98.6,98.6),(159,'selectivity toward NOx (NO+NO2)','%',99,NULL),(267,'shear moduli','GPa',189,197),(268,'shear moduli','GPa',169,177),(269,'shear moduli','GPa',194,194),(270,'shear moduli','GPa',174,174),(24,'Specific surface area','m^2/g',24.5,24.5),(374,'the beginning of oxidation','◦C',535,535),(41,'the parabolic rate constant','(kg^2)/(m^4)/s',0.000000215,0.000000215),(46,'thermal conductivity','W/m.K^(−1)',9.357,9.357),(212,'thermal stability','◦C',1200,1200),(254,'thickness','μm',0.69,0.71),(255,'thickness','μm',0.87,0.93),(256,'thickness','μm',0.98,1.02),(257,'thickness','μm',1.06,1.14),(258,'thickness','μm',0.99,1.01),(259,'thickness','μm',1.07,1.13),(260,'thickness','μm',1.09,1.11),(261,'thickness','μm',1.27,1.33),(262,'thickness','μm',1.19,1.21),(263,'thickness','μm',1.38,1.42),(264,'thickness','μm',1.89,1.91),(265,'thickness','μm',1.99,2.01),(68,'Ultimate compressive strength','MPa',1551,1551),(294,'Ultimate tensile strength','MPa',675,675),(295,'Ultimate tensile strength','MPa',843,843),(296,'Ultimate tensile strength','MPa',980,980),(32,'Vickers hardness','GPa',26.7,27.3),(33,'Vickers hardness','GPa',30,34),(34,'Vickers hardness','GPa',26,32),(35,'Vickers hardness','GPa',26,30),(36,'Vickers hardness','GPa',29,33),(37,'Vickers hardness','GPa',31,35),(273,'Vickers hardness','GPa',24,26),(315,'Vickers hardness','GPa',23.7,24.7),(316,'Vickers hardness','GPa',23.3,23.7),(317,'Vickers hardness','GPa',23.8,25.4),(318,'Vickers hardness','GPa',20.3,23.7),(335,'Vickers hardness','HV',1260,1260),(344,'Vickers hardness','GPa',13.85,15.05),(345,'Vickers hardness','GPa',13.86,14.66),(367,'Vickers hardness','GPa',19.76,20.54),(368,'Vickers hardness','GPa',19.89,21.35),(369,'Vickers hardness','GPa',20.15,21.33),(372,'Vickers hardness','GPa',22.4,22.4),(386,'Vickers hardness','GPa',19.1,20.1),(387,'Vickers hardness','GPa',16.8,17.4),(388,'Vickers hardness','GPa',16.9,19.3),(389,'Vickers hardness','GPa',17.4,19),(390,'Vickers hardness','GPa',17.8,18.8),(25,'Vickers hardness (4.9 N)','GPa',19,20.4),(26,'Vickers hardness (4.9 N)','GPa',26.2,28.2),(27,'Vickers hardness (4.9 N)','GPa',18.1,19.7),(28,'Vickers hardness (4.9 N)','GPa',26,27),(29,'Vickers hardness (4.9 N)','GPa',21.5,23.9),(30,'Vickers hardness (4.9 N)','GPa',19,22.6),(31,'Vickers hardness (4.9 N)','GPa',23.4,24.8),(367,'weight gain','%',2.08,3.08),(368,'weight gain','%',1.2,1.8),(369,'weight gain','%',1.2,1.8),(272,'yield strength','MPa',1319,1361),(294,'Yield stress','MPa',371,371),(295,'Yield stress','MPa',634,634),(296,'Yield stress','MPa',792,792),(22,'Young\'s modulus','GPa',456.1,456.1),(63,'Young\'s modulus','GPa',505,505),(64,'Young\'s modulus','GPa',448,448),(65,'Young\'s modulus','GPa',459,459),(66,'Young\'s modulus','GPa',482,482),(176,'Young\'s modulus','GPa',445,445),(177,'Young\'s modulus','GPa',444,444),(178,'Young\'s modulus','GPa',367,367),(179,'Young\'s modulus','GPa',371,371),(180,'Young\'s modulus','GPa',487,487),(181,'Young\'s modulus','GPa',418,418),(182,'Young\'s modulus','GPa',568,568),(183,'Young\'s modulus','GPa',387,387),(184,'Young\'s modulus','GPa',550,550),(206,'Young\'s modulus','GPa',469,469),(207,'Young\'s modulus','GPa',507,507),(206,'Young’s moduli','GPa',469,469),(207,'Young’s moduli','GPa',507,507),(198,'ZrNbTaHf/C molar ratio','',11.84,11.84),(199,'ZrNbTaHf/C molar ratio','',7.13,7.13),(200,'ZrNbTaHf/C molar ratio','',2.52,2.52),(201,'ZrNbTaHf/C molar ratio','',1.88,1.88),(202,'ZrNbTaHf/C molar ratio','',1.26,1.26),(203,'ZrNbTaHf/C molar ratio','',1.13,1.13),(367,'δ criterion/descriptor','%',NULL,6.6),(205,'Ω','%',1,NULL),(207,'Ω','%',1,NULL),(206,'Ω ','%',1,NULL);
/*!40000 ALTER TABLE `measurements` ENABLE KEYS */;
UNLOCK TABLES;

--
-- Table structure for table `synthesis_parameter`
--

DROP TABLE IF EXISTS `synthesis_parameter`;
/*!40101 SET @saved_cs_client     = @@character_set_client */;
/*!50503 SET character_set_client = utf8mb4 */;
CREATE TABLE `synthesis_parameter` (
  `PRODUCT_ID` int NOT NULL COMMENT 'ID в базе данных',
  `SYNTHESIS_PARAMETER` varchar(500) NOT NULL COMMENT 'Параметр синтеза',
  `SYNTHESIS_UNIT` varchar(500) DEFAULT NULL COMMENT 'Единица измерения параметра синтеза',
  `SYNTHESIS_MIN_VALUE` double DEFAULT NULL COMMENT 'Минимальное значение параметра синтеза',
  `SYNTHESIS_MAX_VALUE` double DEFAULT NULL COMMENT 'Максимальное значение параметра синтеза',
  PRIMARY KEY (`SYNTHESIS_PARAMETER`,`PRODUCT_ID`),
  KEY `PARAMETER` (`SYNTHESIS_PARAMETER`),
  KEY `PRODUCT_ID` (`PRODUCT_ID`),
  CONSTRAINT `PROD_PAR` FOREIGN KEY (`PRODUCT_ID`) REFERENCES `synthesis_product` (`PRODUCT_ID`) ON DELETE CASCADE ON UPDATE CASCADE
) ENGINE=InnoDB DEFAULT CHARSET=utf8mb3;
/*!40101 SET character_set_client = @saved_cs_client */;

--
-- Dumping data for table `synthesis_parameter`
--

LOCK TABLES `synthesis_parameter` WRITE;
/*!40000 ALTER TABLE `synthesis_parameter` DISABLE KEYS */;
INSERT INTO `synthesis_parameter` VALUES (333,'ball mill speed','rpm',300,300),(176,'base pressure','Pa',0.0000038,0.0000038),(177,'base pressure','Pa',0.0000038,0.0000038),(178,'base pressure','Pa',0.0000038,0.0000038),(179,'base pressure','Pa',0.0000038,0.0000038),(180,'base pressure','Pa',0.0000038,0.0000038),(181,'base pressure','Pa',0.0000038,0.0000038),(182,'base pressure','Pa',0.0000038,0.0000038),(183,'base pressure','Pa',0.0000038,0.0000038),(184,'base pressure','Pa',0.0000038,0.0000038),(294,'contents of carbon','at.%',0,0),(295,'contents of carbon','at.%',1,1),(296,'contents of carbon','at.%',3,3),(53,'cooling','К/с',50,50),(21,'Current','A',120,120),(22,'Current','A',120,120),(23,'Current','A',120,120),(24,'Current','A',120,120),(25,'Current','A',120,120),(26,'Current','A',120,120),(27,'Current','A',120,120),(28,'Current','A',120,120),(29,'Current','A',120,120),(30,'Current','A',120,120),(31,'Current','A',120,120),(195,'current','А',220,220),(374,'current','А',220,220),(334,'detonation pressure','GPa',23.6,23.6),(334,'detonation velocity','km s–1',7.8,7.8),(20,'heating rate','°C/min',5,5),(21,'heating rate','°C/min',10,10),(22,'heating rate','°C/min',10,10),(23,'heating rate','°C/min',5,5),(37,'heating rate',' ◦C/min',5,5),(43,'heating rate','°C/min',10,10),(44,'heating rate','°C/min',10,10),(53,'heating rate','°C/min',10,10),(54,'heating rate','°C/min',10,10),(55,'heating rate','°C/min',10,10),(56,'heating rate','°C/min',10,10),(57,'heating rate','°C/min',10,10),(58,'heating rate','°C/min',10,10),(59,'heating rate','°C/min',5,5),(60,'heating rate','°C/min',20,20),(263,'heating rate',' ◦C/min',50,50),(264,'heating rate',' ◦C/min',50,50),(265,'heating rate',' ◦C/min',50,50),(315,'heating rate','°C/min',1000,1000),(316,'heating rate','°C/min',1000,1000),(317,'heating rate','°C/min',1000,1000),(322,'heating rate','°C/min',3,3),(336,'heating rate','°C/min',5,5),(337,'heating rate','°C/min',5,5),(338,'heating rate','°C/min',5,5),(346,'heating rate','°C/min',10,10),(347,'heating rate','°C/min',10,10),(348,'heating rate','°C/min',10,10),(349,'heating rate','°C/min',10,10),(350,'heating rate','°C/min',10,10),(367,'heating rate','°C/min',50,50),(368,'heating rate','°C/min',50,50),(369,'heating rate','°C/min',50,50),(211,'mass','g',10,10),(211,'mill rotating speed ','rpm',912,912),(212,'mill rotating speed ','rpm',912,912),(319,'mill rotating speed','rpm',912,912),(351,'mill rotating speed','rpm',912,912),(4,'pressure','MPa',16,40),(5,'pressure','MPa',16,40),(9,'pressure','MPa',30,30),(10,'pressure','MPa',30,30),(11,'pressure','MPa',30,30),(12,'pressure','MPa',30,30),(13,'pressure','MPa',30,30),(14,'pressure','MPa',30,30),(15,'pressure','MPa',30,30),(16,'pressure','MPa',30,30),(17,'pressure','MPa',30,30),(18,'pressure','MPa',30,30),(19,'pressure','MPa',30,30),(20,'pressure','MPa',30,30),(21,'Pressure','MPa',50,50),(22,'Pressure','bar',5,5),(23,'Pressure','Pa',5,5),(28,'pressure','MPa',30,30),(29,'pressure','MPa',30,30),(30,'pressure','MPa',30,30),(31,'pressure','MPa',30,30),(32,'pressure','MPa',30,30),(33,'pressure','MPa',30,30),(34,'pressure','MPa',30,30),(35,'pressure','MPa',30,30),(36,'pressure','MPa',30,30),(37,'pressure','MPa',30,30),(40,'pressure','kN',15,32),(41,'pressure','MPa',60,60),(42,'pressure','MPa',30,30),(43,'Pressure','bar',5,5),(45,'pressure','MPa',30,30),(46,'pressure','MPa',30,30),(48,'Pressure','MPa',30,30),(49,'Pressure','MPa',30,30),(50,'Pressure','MPa',30,30),(52,'pressure','MPa',30,30),(54,'Pressure','MPa',50,50),(55,'Pressure','MPa',60,60),(56,'Pressure','MPa',60,60),(57,'Pressure','MPa',60,60),(58,'Pressure','MPa',60,60),(59,'Pressure','MPa',60,60),(60,'Pressure','MPa',60,60),(61,'Pressure','kN',32,8),(62,'Pressure','MPa',35,35),(63,'Pressure','MPa',30,30),(64,'Pressure','MPa',30,30),(65,'Pressure','MPa',30,30),(66,'Pressure','MPa',30,30),(69,'Pressure','MPa',40,40),(70,'Pressure','MPa',40,40),(71,'Pressure','MPa',40,40),(72,'Pressure','MPa',40,40),(75,'Pressure','MPa',50,50),(146,'Pressure','MPa',50,50),(147,'Pressure','MPa',50,50),(148,'Pressure','MPa',50,50),(149,'Pressure','MPa',50,50),(150,'Pressure','MPa',50,50),(151,'Pressure','MPa',50,50),(152,'Pressure','MPa',50,50),(153,'Pressure','MPa',50,50),(154,'Pressure','MPa',50,50),(155,'Pressure','MPa',50,50),(157,'Pressure','MPa',7,7),(160,'Pressure','MPa',35,35),(161,'Pressure','MPa',35,35),(163,'Pressure','MPa',30,30),(176,'Pressure','MPa',30,30),(177,'Pressure','MPa',30,30),(178,'Pressure','MPa',30,30),(179,'Pressure','MPa',30,30),(180,'Pressure','MPa',30,30),(181,'Pressure','MPa',30,30),(182,'Pressure','MPa',30,30),(183,'Pressure','MPa',30,30),(184,'Pressure','MPa',30,30),(185,'Pressure','MPa',50,50),(186,'Pressure','MPa',50,50),(187,'Pressure','MPa',50,50),(188,'Pressure','MPa',50,50),(189,'Pressure','MPa',50,50),(190,'Pressure','MPa',50,50),(191,'Pressure','MPa',50,50),(192,'Pressure','MPa',50,50),(193,'Pressure','MPa',50,50),(194,'Pressure','MPa',50,50),(195,'Pressure','MPa',50,50),(196,'Pressure','MPa',50,50),(197,'Pressure','MPa',50,50),(198,'Pressure','MPa',50,50),(199,'Pressure','MPa',50,50),(200,'Pressure','MPa',50,50),(201,'Pressure','MPa',50,50),(202,'Pressure','MPa',50,50),(203,'Pressure','MPa',50,50),(208,'Pressure','MPa',40,40),(209,'Pressure','MPa',40,40),(210,'Pressure','MPa',5,5),(211,'Pressure','MPa',50,50),(212,'Pressure','MPa',50,50),(254,'Pressure','MPa',20,20),(255,'Pressure','MPa',20,20),(263,'Pressure','MPa',40,40),(264,'Pressure','MPa',40,40),(265,'Pressure','MPa',40,40),(266,'Pressure','MPa',40,40),(267,'Pressure','MPa',5,5),(268,'Pressure','MPa',5,5),(269,'Pressure','MPa',55,55),(270,'Pressure','MPa',5,80),(272,'Pressure','MPa',400,400),(273,'Pressure','MPa',13,13),(274,'pressure','MPa',50,50),(283,'Pressure','MPa',40,40),(289,'Pressure','bar',5,5),(290,'Pressure','bar',5,5),(291,'Pressure','bar',5,5),(292,'Pressure','MPa',50,50),(293,'Pressure','MPa',50,50),(297,'Pressure','Pa',5,5),(298,'Pressure','Pa',5,5),(299,'Pressure','MPa',80,80),(300,'Pressure','MPa',80,80),(301,'Pressure','MPa',80,80),(302,'Pressure','MPa',30,30),(303,'Pressure','MPa',30,30),(305,'Pressure','MPa',30,30),(306,'Pressure','MPa',70,70),(307,'Pressure','MPa',70,70),(308,'Pressure','MPa',70,70),(309,'Pressure','atm',5,5),(310,'Pressure','atm',5,5),(311,'Pressure','atm',5,5),(312,'Pressure','atm',5,5),(313,'Pressure','atm',5,5),(314,'Pressure','atm',5,5),(315,'Pressure','Pa',5,5),(316,'Pressure','Pa',5,5),(317,'Pressure','Pa',5,5),(323,'Pressure','MPa',2,40),(324,'Pressure','MPa',2,40),(325,'Pressure','MPa',2,40),(326,'Pressure','MPa',2,40),(327,'Pressure','MPa',2,40),(328,'Pressure','MPa',2,40),(329,'Pressure','MPa',30,30),(330,'Pressure','MPa',30,30),(331,'Pressure','MPa',30,30),(332,'Pressure','MPa',30,30),(335,'Pressure','MPa',50,50),(339,'Pressure','MPa',50,50),(340,'Pressure','MPa',50,50),(341,'Pressure','MPa',50,50),(344,'Pressure','Pa',10,20),(345,'Pressure','Pa',10,20),(367,'Pressure','MPa',40,40),(368,'Pressure','MPa',40,40),(369,'Pressure','MPa',40,40),(371,'Pressure','mTorr',5,5),(372,'Pressure','MPa',20,20),(373,'Pressure','MPa',55,55),(380,'Pressure','MPa',50,50),(386,'Pressure','MPa',40,40),(387,'Pressure','MPa',40,40),(388,'Pressure','MPa',40,40),(389,'Pressure','MPa',40,40),(390,'Pressure','MPa',40,40),(147,'ramp rates ','K/s',100000,100000),(148,'ramp rates ','K/s',100000,100000),(149,'ramp rates ','K/s',100000,100000),(150,'ramp rates ','K/s',100000,100000),(151,'ramp rates ','K/s',100000,100000),(152,'ramp rates ','K/s',100000,100000),(153,'ramp rates ','K/s',100000,100000),(154,'ramp rates ','K/s',100000,100000),(155,'ramp rates ','K/s',100000,100000),(156,'ramp rates ','K/s',100000,100000),(157,'ramp rates ','K/s',100000,100000),(158,'ramp rates ','K/s',100000,100000),(159,'ramp rates ','K/s',100000,100000),(1,'Spinning rate','rpm',300,300),(309,'spinning rate','rpm',300,300),(310,'spinning rate','rpm',300,300),(311,'spinning rate','rpm',300,300),(312,'spinning rate','rpm',300,300),(313,'spinning rate','rpm',300,300),(314,'spinning rate','rpm',300,300),(4,'temperature','°C',1950,1950),(5,'temperature','°C',1800,2300),(9,'temperature','°C',2200,2200),(10,'temperature','°C',2200,2200),(11,'temperature','°C',2200,2200),(12,'temperature','°C',2200,2200),(13,'temperature','°C',2200,2200),(14,'temperature','°C',2200,2200),(15,'temperature','°C',2200,2200),(16,'temperature','°C',2200,2200),(17,'temperature','°C',2200,2200),(18,'temperature','°C',2200,2200),(19,'temperature','°C',2200,2200),(20,'temperature','°C',2200,2200),(21,'temperature','°C',1700,2000),(22,'temperature','°C',1900,1900),(23,'temperature','°C',1750,1750),(24,'temperature','°C',1600,2000),(28,'temperature','°C',2200,2200),(29,'temperature','°C',2200,2200),(30,'temperature','°C',2200,2200),(31,'temperature','°C',2200,2200),(32,'temperature','°C',2200,2200),(33,'temperature','°C',2200,2200),(34,'temperature','°C',2200,2200),(35,'temperature','°C',2200,2200),(36,'temperature','°C',2200,2200),(37,'temperature','°C',2200,2200),(40,'temperature','°C',1920,700),(41,'temperature','°C',2100,2100),(42,'temperature','K',2073,2073),(43,'temperature','°C',2400,2400),(44,'temperature','°C',2300,2300),(45,'temperature','K',2073,2073),(46,'temperature','°C',1800,1800),(48,'temperature','°C',1900,1900),(49,'temperature','°C',1900,1900),(50,'temperature','°C',1900,1900),(52,'temperature','°C',2000,2000),(53,'temperature','°C',2300,2300),(54,'temperature','°C',2360,2360),(55,'temperature','°C',2400,2400),(56,'temperature','°C',2300,2300),(57,'temperature','°C',2300,2300),(58,'temperature','°C',2300,2300),(59,'temperature','°C',2300,2300),(60,'temperature','°C',2300,2300),(61,'temperature','°C',1921,1977),(62,'temperature','°C',2000,2000),(63,'temperature','°C',2200,2200),(64,'temperature','°C',2200,2200),(65,'temperature','°C',2200,2200),(66,'temperature','°C',2200,2200),(69,'temperature','°C',1900,1900),(70,'temperature','°C',1950,1950),(71,'temperature','°C',2000,2000),(72,'temperature','°C',2050,2050),(75,'temperature','°C',1500,1500),(146,'temperature','°C',2100,2100),(147,'temperature','K',2000,2000),(148,'temperature','K',2000,2000),(149,'temperature','K',2000,2000),(150,'temperature','K',2000,2000),(151,'temperature','K',2000,2000),(152,'temperature','K',2000,2000),(153,'temperature','K',2000,2000),(154,'temperature','K',2000,2000),(155,'temperature','K',2000,2000),(156,'temperature','K',2000,2000),(157,'temperature','K',2000,2000),(158,'temperature','K',2000,2000),(159,'temperature','K',2000,2000),(160,'temperature','°C',2000,2000),(161,'temperature','°C',2000,2000),(163,'temperature','°C',1600,1600),(176,'temperature','°C',600,600),(177,'temperature','°C',450,450),(178,'temperature','°C',300,300),(179,'temperature','°C',20,20),(180,'temperature','°C',600,600),(181,'temperature','°C',450,450),(182,'temperature','°C',300,300),(183,'temperature','°C',20,20),(184,'temperature','°C',300,300),(185,'temperature','°C',2100,2100),(186,'temperature','°C',2100,2100),(187,'temperature','°C',2100,2100),(188,'temperature','°C',2100,2100),(189,'temperature','°C',1900,1900),(190,'temperature','°C',2100,2100),(191,'temperature','°C',2100,2100),(192,'temperature','°C',2100,2100),(193,'temperature','°C',2200,2200),(194,'temperature','°C',2200,2200),(195,'temperature','°C',2200,2200),(196,'temperature','°C',2200,2200),(197,'temperature','°C',2200,2200),(198,'temperature','◦C',2000,2000),(199,'temperature','◦C',2000,2000),(200,'temperature','◦C',2000,2000),(201,'temperature','◦C',2000,2000),(202,'temperature','◦C',2000,2000),(203,'temperature','°C',2400,2400),(206,'temperature','◦C',1800,1800),(208,'temperature','°C',1800,1800),(209,'temperature','°C',1900,1900),(210,'temperature','°C',1800,1800),(211,'temperature','◦C',1750,2000),(212,'temperature','◦C',1750,2000),(254,'temperature','°C',25,750),(255,'temperature','°C',25,750),(256,'temperature','°C',25,750),(257,'temperature','°C',25,750),(258,'temperature','°C',25,750),(259,'temperature','°C',25,750),(260,'temperature','°C',25,750),(261,'temperature','°C',25,750),(262,'temperature','°C',25,750),(263,'temperature','°C',25,750),(264,'temperature','°C',25,750),(265,'temperature','°C',25,750),(266,'temperature','°C',1800,1800),(267,'temperature','°C',2200,2200),(268,'temperature','°C',2200,2200),(269,'temperature','K',1200,1200),(270,'temperature','K',1200,1200),(272,'temperature','◦C',1400,2200),(273,'temperature','°C',1600,1600),(274,'temperature','K',2200,2200),(283,'temperature','◦C',1900,1900),(284,'temperature','◦C',1900,1900),(285,'temperature','°C',1800,1800),(292,'temperature','°C',1750,2000),(293,'temperature','°C',1750,2000),(297,'temperature','°C',1450,900),(298,'temperature','°C',1450,900),(299,'temperature','°C',1900,1900),(300,'temperature','°C',1900,1900),(301,'temperature','°C',1900,1900),(302,'temperature','°C',1400,1400),(303,'temperature','K',2373,2373),(304,'temperature','°C',1300,1300),(305,'temperature','°C',1850,1850),(306,'temperature','°C',800,800),(307,'temperature','°C',800,800),(308,'temperature','°C',800,800),(322,'temperature','°C',700,700),(323,'temperature','°C',1600,1600),(324,'temperature','°C',1700,1700),(325,'temperature','°C',1800,1800),(326,'temperature','°C',1900,1900),(327,'temperature','°C',2000,2000),(328,'temperature','°C',2100,2100),(329,'temperature','°C',1800,1800),(330,'temperature','°C',1900,1900),(331,'temperature','°C',2000,2000),(332,'temperature','°C',2100,2100),(335,'temperature','°C',1400,1400),(336,'temperature','°C',2000,2000),(337,'temperature','°C',2000,2000),(338,'temperature','°C',2000,2000),(339,'temperature','°C',2000,2000),(340,'temperature','°C',2000,2000),(341,'temperature','°C',2000,2000),(344,'temperature','°C',1390,1390),(345,'temperature','°C',1420,1420),(346,'temperature','°C',1500,1500),(347,'temperature','°C',1600,1600),(348,'temperature','°C',1700,1700),(349,'temperature','°C',1800,1800),(350,'temperature','°C',1800,1800),(371,'temperature','°C',650,650),(372,'temperature','°C',1400,1400),(373,'temperature','°C',2100,2100),(380,'temperature','°C',1200,1200),(381,'temperature','°C',1800,1800),(382,'temperature','°C',1800,1800),(383,'temperature','°C',1800,1800),(384,'temperature','°C',1800,1800),(385,'temperature','°C',1800,1800),(386,'temperature','°C',1900,1900),(387,'temperature','°C',1900,1900),(388,'temperature','°C',1900,1900),(389,'temperature','°C',1900,1900),(390,'temperature','°C',1900,1900),(256,'temperature (calcium treatment)','◦C',1573,1573),(257,'temperature (calcium treatment)','◦C',1573,1573),(258,'temperature (calcium treatment)','◦C',1573,1573),(259,'temperature (calcium treatment)','◦C',1573,1573),(260,'temperature (calcium treatment)','◦C',1573,1573),(261,'temperature (calcium treatment)','◦C',1573,1573),(262,'temperature (calcium treatment)','◦C',1573,1573),(359,'temperature (calcium treatment)','°C',1573,1573),(360,'temperature (calcium treatment)','°C',1573,1573),(361,'temperature (calcium treatment)','°C',1573,1573),(362,'temperature (calcium treatment)','°C',1573,1573),(363,'temperature (calcium treatment)','°C',1573,1573),(364,'temperature (calcium treatment)','°C',1573,1573),(365,'temperature (calcium treatment)','°C',1573,1573),(366,'temperature (calcium treatment)','°C',1573,1573),(256,'temperature (carbothermal reduction)','◦C',1773,1773),(257,'temperature (carbothermal reduction)','◦C',1773,1773),(258,'temperature (carbothermal reduction)','◦C',1773,1773),(259,'temperature (carbothermal reduction)','◦C',1773,1773),(260,'temperature (carbothermal reduction)','◦C',1773,1773),(261,'temperature (carbothermal reduction)','◦C',1773,1773),(262,'temperature (carbothermal reduction)','◦C',1773,1773),(359,'temperature (carbothermal reduction)','°C',1773,1773),(360,'temperature (carbothermal reduction)','°C',1773,1773),(361,'temperature (carbothermal reduction)','°C',1773,1773),(362,'temperature (carbothermal reduction)','°C',1773,1773),(363,'temperature (carbothermal reduction)','°C',1773,1773),(364,'temperature (carbothermal reduction)','°C',1773,1773),(365,'temperature (carbothermal reduction)','°C',1773,1773),(366,'temperature (carbothermal reduction)','°C',1773,1773),(1,'Time','Min',3000,3000),(21,'Voltage','V',50,70),(22,'Voltage','V',50,70),(23,'Voltage','V',50,70),(24,'Voltage','V',50,70),(25,'Voltage','V',50,70),(26,'Voltage','V',50,70),(27,'Voltage','V',50,70),(28,'Voltage','V',50,70),(29,'Voltage','V',50,70),(30,'Voltage','V',50,70),(31,'Voltage','V',50,70),(189,'working pressure','Pa',0.267,0.267),(254,'working pressure','Pa',0.267,0.267),(255,'working pressure','Pa',0.267,0.267),(256,'working pressure','Pa',0.267,0.267),(257,'working pressure','Pa',0.267,0.267),(258,'working pressure','Pa',0.267,0.267),(259,'working pressure','Pa',0.267,0.267),(260,'working pressure','Pa',0.267,0.267),(261,'working pressure','Pa',0.267,0.267),(262,'working pressure','Pa',0.267,0.267),(263,'working pressure','Pa',0.267,0.267),(264,'working pressure','Pa',0.267,0.267),(265,'working pressure','Pa',0.267,0.267),(156,'ZrNbTaHf/C molar ratio','1',10,10),(198,'ZrNbTaHf/C molar ratio','1',10,10),(199,'ZrNbTaHf/C molar ratio','1',5,5),(200,'ZrNbTaHf/C molar ratio','1',2,2),(201,'ZrNbTaHf/C molar ratio','1',1,1),(202,'ZrNbTaHf/C molar ratio','1',0.5,0.5);
/*!40000 ALTER TABLE `synthesis_parameter` ENABLE KEYS */;
UNLOCK TABLES;

--
-- Table structure for table `synthesis_product`
--

DROP TABLE IF EXISTS `synthesis_product`;
/*!40101 SET @saved_cs_client     = @@character_set_client */;
/*!50503 SET character_set_client = utf8mb4 */;
CREATE TABLE `synthesis_product` (
  `PRODUCT` varchar(500) DEFAULT NULL COMMENT 'Продукт реакции',
  `PRODUCT_ID` int NOT NULL COMMENT 'ID в базе данных',
  `DOI` varchar(500) DEFAULT NULL COMMENT 'DOI',
  `A_PARAMETER_MAX` double DEFAULT NULL COMMENT 'Минимальное значение параметра а кубической фазы',
  `A_PARAMETER_MIN` double DEFAULT NULL COMMENT 'Максимальное значение параметра а кубической фазы',
  `MIXING_METHOD` varchar(500) DEFAULT NULL COMMENT 'Метод смешивания',
  `SOURCE_MIX_TIME_MIN` double DEFAULT NULL COMMENT 'Минимальное значение времени смешивания сырья, часы',
  `SOURCE_MIX_TIME_MAX` double DEFAULT NULL COMMENT 'Максимальное значение времени смешивания сырья, часы',
  `METHOD` varchar(500) DEFAULT NULL COMMENT 'Метод синтеза и теоретических исследований',
  `GAS` varchar(500) DEFAULT NULL COMMENT 'Защитный газ',
  `SYNTHESIS_TIME_MIN` double DEFAULT NULL COMMENT 'Минимальное значение времени синтеза, минуты',
  `SYNTHESIS_TIME_MAX` double DEFAULT NULL COMMENT 'Максимальное значение времени синтеза, минуты',
  `FEATURE` varchar(500) DEFAULT NULL COMMENT 'Признак работы',
  `CONTRIBUTOR` varchar(500) DEFAULT NULL COMMENT 'ФИО вписавшего',
  `COMMENTS` varchar(500) DEFAULT NULL COMMENT 'Комментарии',
  PRIMARY KEY (`PRODUCT_ID`),
  KEY `PRODUCT_ID` (`PRODUCT_ID`),
  KEY `BIB_PROD` (`DOI`),
  CONSTRAINT `BIB_PROD` FOREIGN KEY (`DOI`) REFERENCES `bibliography` (`DOI`) ON DELETE CASCADE ON UPDATE CASCADE
) ENGINE=InnoDB DEFAULT CHARSET=utf8mb3;
/*!40101 SET character_set_client = @saved_cs_client */;

--
-- Dumping data for table `synthesis_product`
--

LOCK TABLES `synthesis_product` WRITE;
/*!40000 ALTER TABLE `synthesis_product` DISABLE KEYS */;
INSERT INTO `synthesis_product` VALUES ('(TiZrHfVNb)C5',1,'DOI: 10.1016/j.ceramint.2019.07.195',4.5,4.5,'ball milling',11.7,11.7,'Mechanosynthesis','Ar',3000,3000,'experimental ','Kokorina A. I.',''),('(TiZrHfNbTa)C',4,'DOI:10.1016/j.ceramint.2018.08.100',4.508,4.508,'ball milling',24,24,'SPS','Vacuum',5,5,'experimental ','Kokorina A. I.',''),('(HfTaZrTi)C',5,'DOI:10.1038/s41598018268271',NULL,NULL,'ball milling',24,24,'SPS','Vacuum',12,12,'experimental ','Kokorina A. I.',NULL),('(Ti0.2Zr0.2Hf0.2Nb0.2Ta0.2)C',9,'DOI:10.1016/j.actamat.2018.12.054',4.519,4.519,'ball milling',2,2,'SPS','Vacuum',10,10,'experimental ','Kokorina A. I.',''),('(Ti0.2Hf0.2V0.2Nb0.2Ta0.2)C',10,'DOI:10.1016/j.actamat.2018.12.054',4.421,4.421,'ball milling',2,2,'SPS','Vacuum',10,10,'experimental ','Kokorina A. I.',''),('(Ti0.2V0.2Nb0.2Ta0.2W0.2)C',11,'DOI:10.1016/j.actamat.2018.12.054',4.362,4.362,'ball milling',2,2,'SPS','Vacuum',10,10,'experimental ','Kokorina A. I.',''),('(Ti0.2Zr0.2Hf0.2Ta0.2W0.2)C',12,'DOI:10.1016/j.actamat.2018.12.054',4.488,4.488,'ball milling',2,2,'SPS','Vacuum',10,10,'experimental ','Kokorina A. I.',''),('(Ti0.2Hf0.2Nb0.2Ta0.2W0.2)C',13,'DOI:10.1016/j.actamat.2018.12.054',4.442,4.442,'ball milling',2,2,'SPS','Vacuum',10,10,'experimental ','Kokorina A. I.',''),('(Ti0.2V0.2Nb0.2Ta0.2Mo0.2)C',14,'DOI:10.1016/j.actamat.2018.12.054',4.361,4.361,'ball milling',2,2,'SPS','Vacuum',10,10,'experimental ','Kokorina A. I.',''),('(Ti0.2Zr0.2Hf0.2Ta0.2Mo0.2)C',15,'DOI:10.1016/j.actamat.2018.12.060',4.494,4.494,'ball milling',2,2,'SPS','Vacuum',10,10,'experimental ','Kokorina A. I.',''),('(Ti0.2Hf0.2Nb0.2Ta0.2Mo0.2)C',16,'DOI:10.1016/j.actamat.2018.12.054',4.443,4.443,'ball milling',2,2,'SPS','Vacuum',10,10,'experimental ','Kokorina A. I.',''),('(V0.2Nb0.2Ta0.2Mo0.2W0.2)C',17,'DOI:10.1016/j.actamat.2018.12.054',4.34,4.34,'ball milling',2,2,'SPS','Vacuum',10,10,'experimental ','Kokorina A. I.',''),('(Zr0.2Hf0.2Ta0.2Mo0.2W0.2)C',18,'DOI:10.1016/j.actamat.2018.12.054',4.517,4.517,'ball milling',2,2,'SPS','Vacuum',10,10,'experimental ','Kokorina A. I.',''),('(Ti0.2Zr0.2Hf0.2Mo0.2W0.2)C',19,'DOI:10.1016/j.actamat.2018.12.054',4.46,4.46,'ball milling',2,2,'SPS','Vacuum',10,10,'experimental ','Kokorina A. I.',''),('(Zr0.2Hf0.2V0.2Mo0.2W0.2)C',20,'DOI:10.1016/j.actamat.2018.12.054',4.527,4.527,'ball milling',2,2,'SPS','Vacuum',10,10,'experimental ','Kokorina A. I.',''),('(Hf,Zr,Ti,Ta,Nb)C',21,'DOI:10.1016/j.scriptamat.2018.10.049',4.524,4.524,'highenergy ball milling',2,2,'Solid solution','',90,90,'experimental ','Kokorina A.I.','HEC синтезировали из карбидов, которые получили восстановлением оксидов металлов (carbothermal reduction)'),('(TaNbHfTiZr)C',22,'DOI:10.1016/j.physb.2018.09.014',4.55,4.55,NULL,NULL,NULL,NULL,NULL,NULL,NULL,'theoretical','Kokorina A.I.','Density functional theory (DFT) and special quasirandom structures  (SQS) approach '),('(Zr0.2Hf0.2Ti0.2Nb0.2Ta0.2)C',23,'DOI:10.1016/j.jmst.2019.04.006',4.512,4.512,'ball milling',20,20,'reaction and partial sinering','Ar',NULL,NULL,'experimental ','Kokorina A.I.',NULL),('(Ti0.2Zr0.2Hf0.2Nb0.2Ta0.2)C',24,'DOI:10.1016/j.ceramint.2019.07.244',NULL,NULL,'stirred in a water bath',1,1,'Liquid precursor method','Ar',60,60,'experimental ','Kokorina A.I.',NULL),('ZrC',25,'DOI: 10.1016/j.ceramint.2019.01.238',4.709,4.699,NULL,NULL,NULL,'Arc melting','Ar',0.25,0.25,'experimental ','Kononenko P.N.',NULL),('TaC',26,'DOI: 10.1016/j.ceramint.2019.01.238',4.4193,4.4183,NULL,NULL,NULL,'Arc melting','Ar',0.25,0.25,'experimental ','Kononenko P.N.',NULL),('HfC',27,'DOI: 10.1016/j.ceramint.2019.01.238',4.638199999999999,4.6372,NULL,NULL,NULL,'Arc melting','Ar',0.25,0.25,'experimental ','Kononenko P.N.',NULL),('(Hf, Ta)C',28,'DOI: 10.1016/j.ceramint.2019.01.238',4.5154,4.5144,NULL,NULL,NULL,'Arc melting','Ar',0.25,0.25,'experimental ','Kononenko P.N.',NULL),('(Zr, Ta)C',29,'DOI: 10.1016/j.ceramint.2019.01.238',4.556,4.555000000000001,NULL,NULL,NULL,'Arc melting','Ar',0.25,0.25,'experimental ','Kononenko P.N.',NULL),('(Hf, Zr)C',30,'DOI: 10.1016/j.ceramint.2019.01.238',4.6704,4.6694,NULL,NULL,NULL,'Arc melting','Ar',0.25,0.25,'experimental ','Kononenko P.N.',NULL),('(Hf, Zr, Ta)C',31,'DOI: 10.1016/j.ceramint.2019.01.238',4.584,4.583,NULL,NULL,NULL,'Arc melting','Ar',0.25,0.25,'experimental ','Kononenko P.N.',NULL),('MoNbTaVWC5',32,'DOI: 10.1038/s41467018071607',4.353,4.353,'ball milling',2,2,'SPS','Ar',5,5,'experimental ','Kononenko P.N.','Проведен EFA анализ, расчет энергет.спектра, сравнение мех.свойств карбидов двумя методами: SPS и AFLOW algorithm'),('HfNbTaTiZrC5',33,'DOI: 10.1038/s41467018071607',4.5,4.5,'ball milling',2,2,'SPS','Ar',5,5,'experimental ','Kononenko P.N.','Проведен EFA анализ, расчет энергет.спектра, сравнение мех.свойств карбидов двумя методами: SPS и AFLOW algorithm'),('HfNbTaTiVC5',34,'DOI: 10.1038/s41467018071607',4.415,4.415,'ball milling',2,2,'SPS','Ar',5,5,'experimental ','Kononenko P.N.','Проведен EFA анализ, расчет энергет.спектра, сравнение мех.свойств карбидов двумя методами: SPS и AFLOW algorithm'),('NbTaTiVWC5',35,'DOI: 10.1038/s41467018071607',4.434,4.434,'ball milling',2,2,'SPS','Ar',5,5,'experimental ','Kononenko P.N.','Проведен EFA анализ, расчет энергет.спектра, сравнение мех.свойств карбидов двумя методами: SPS и AFLOW algorithm'),('HfNbTaTiWC5',36,'DOI: 10.1038/s41467018071607',4.355,4.355,'ball milling',2,2,'SPS','Ar',5,5,'experimental ','Kononenko P.N.','Проведен EFA анализ, расчет энергет.спектра, сравнение мех.свойств карбидов двумя методами: SPS и AFLOW algorithm'),('HfTaTiWZrC5',37,'DOI: 10.1038/s41467018071607',4.502,4.502,'ball milling',2,2,'SPS','Ar',5,5,'experimental ','Kononenko P.N.','Проведен EFA анализ, расчет энергет.спектра, сравнение мех.свойств карбидов двумя методами: SPS и AFLOW algorithm'),('(TaNbHfTiZr)C',38,'DOI:10.1016/j.jallcom.2019.02.254',4.55,4.55,NULL,NULL,NULL,'Vienna Ab initio Simulation Package',NULL,NULL,NULL,'calculated','Kononenko P.N.',NULL),('(TaNbHfTiZr)N',39,'DOI:10.1016/j.jallcom.2019.02.254',4.464,4.464,NULL,NULL,NULL,'Vienna Ab initio Simulation Package',NULL,NULL,NULL,'calculated','Kononenko P.N.',NULL),('(TaZrNb)С',40,'DOI:10.1016/j.scriptamat.2019.01.024',4.535,4.535,'homogenization in alcohol',NULL,NULL,'SPS','Ar',45,60,'experimental ','Kononenko P.N.',NULL),('(Zr,Ti,Hf,Nb,Ta)C',41,'DOI:10.1016/j.jallcom.2019.152523',NULL,NULL,'ball milling',10,10,'SPS','Ar',5,5,'experimental ','Kononenko P.N.','Исследование процессов окисления высокоэнтропийных карбидов в высокотемпературной атмосфере водяного пара. (Ti, Zr, Hf, Nb, Ta)C имеет лучшую стойкость к окислению, чем ZrC при температуре водяного пара 1200 C.'),('(Hf0.2Zr0.2Ta0.2Nb0.2Ti0.2)C',42,'DOI:10.1016/j.corsci.2019.04.001',NULL,NULL,'wetball milling',24,24,'hot pressing','Vacuum',30,30,'experimental ','Kononenko P.N.','Испытания на окисление (Hf0.2Zr0.2Ta0.2Nb0.2Ti0.2)C в воздухе при 1073–1473 K'),('(Ti, Zr, Nb, Ta)C',43,'DOI: 10.1016/j.mtla.2019.100540',4.506,4.506,NULL,NULL,NULL,'arc melting','Ar',NULL,NULL,'experimental ','Kononenko P.N.',NULL),('(Ti, Zr, Nb, Ta, Hf)C',44,'DOI: 10.1016/j.mtla.2019.100540',4.529,4.529,NULL,NULL,NULL,'arc melting','Ar',NULL,NULL,'experimental ','Kononenko P.N.',NULL),('(Hf0.2Zr0.2Ta0.2Nb0.2Ti0.2)C',45,'DOI: 10.1111/jace.16295',4.532999999999999,4.523,'ball milling',24,24,'hot pressing','Vacuum',30,30,'experimental ','Kononenko P.N.','Parameters of (Hf0.2Zr0.2Ta0.2Nb0.2Ti0.2)C: Nanohardness 40.6 ± 0.6 GPa, reduced module  366 GPa at load 8 mN, fracture toughness  3.0 ± 0.2 MPa/m(1/2) at load 24.5 N. Есть сравнения полученных параметров с ZrC, HfC, TaC, NbC и TiC'),('(NbTaMoW)C',46,'DOI:10.1016/j.msea.2020.140520',NULL,NULL,'ball milling',5,5,'SPS',NULL,20,20,'experimental ','Kononenko P.N.','average grain size of 9±0.5 μm, flexural strength is 388 MPa, Vickers hardness decrease from 22 GPa to 18.5 GPa as the applied load increase from 4.9 N to 49 N, low thermal conductivity, excellent mechanical behavior'),('HfC',48,'DOI:10.1016/j.jmst.2020.10.016',NULL,NULL,NULL,NULL,NULL,'carbothermal reduction',NULL,120,120,'experimental ','Kononenko P.N.',NULL),('(Ti0.2Zr0.2Hf0.2Nb0.2Ta0.2)C',49,'DOI:10.1016/j.jmst.2020.10.016',NULL,NULL,NULL,NULL,NULL,'carbothermal reduction',NULL,120,120,'experimental ','Kononenko P.N.',NULL),('TaC',50,'DOI:10.1016/j.jmst.2020.10.016',NULL,NULL,NULL,NULL,NULL,'carbothermal reduction',NULL,120,120,'experimental ','Kononenko P.N.',NULL),('Hf0.2Zr0.2Ta0.2Mo0.2W0.2C(1−x)',51,'DOI:10.1016/j.actamat.2020.06.005',4.47,4.47,NULL,NULL,NULL,'sputter deposition',NULL,NULL,NULL,'experimental ','Kononenko P.N.','Работа о влиянии стехеометрии углерода на теплопроводность. Авторы отметили, что в их работе теплопроводность HEC по сравнению с бинарными аналогами уменьшается с увеличением содержания углерода, хотя в других опубликованных теплопроводность увеличивается по мере увеличения относительного содержания углерода до соотношения углерод:металл=1:1. Работа больше обзорная, поскольку описание эксперимента и конкретные значения авторы приводят в Supplement Materials[25]'),('(Zr0.25Ta0.25Nb0.25Ti0.25)C',52,'DOI: 10.1016/j.actamat.2020.06.011',4.489,4.489,'ball milling',6,6,'SPS','vacuum',5,5,'experimental ','Kononenko P.N.','высокая стойкость к облучению (lattice parameter expansion=0.2%), (Zr0.25Ta0.25Nb0.25Ti0.25)C  перспективный конструкционный материал для усовершенствования реакторов. Nanohardness, GPa: no radiation 18.9±1.9, after radiation (20 dpa/500 °C) 20.5±1.6'),('(HfTaZrNb)C',53,'DOI:10.1016/j.scriptamat.2020.10.038',NULL,NULL,'ball milling',NULL,NULL,'SPS',NULL,NULL,NULL,'experimental ','Kononenko P.N.',NULL),('ZrC',54,'DOI:10.1016/j.scriptamat.2020.10.038',NULL,NULL,'ball milling',NULL,NULL,'SPS',NULL,NULL,NULL,'experimental ','Kononenko P.N.',NULL),('NbC',55,'DOI:10.1016/j.scriptamat.2020.10.038',NULL,NULL,'ball milling',NULL,NULL,'SPS',NULL,NULL,NULL,'experimental ','Kononenko P.N.',NULL),('HfC',56,'DOI:10.1016/j.scriptamat.2020.10.038',NULL,NULL,'ball milling',NULL,NULL,'SPS',NULL,NULL,NULL,'experimental ','Kononenko P.N.',NULL),('TaC',57,'DOI:10.1016/j.scriptamat.2020.10.038',NULL,NULL,'ball milling',NULL,NULL,'SPS',NULL,NULL,NULL,'experimental ','Kononenko P.N.',NULL),('(HfTa)C',58,'DOI:10.1016/j.scriptamat.2020.10.038',NULL,NULL,'ball milling',NULL,NULL,'SPS',NULL,NULL,NULL,'experimental ','Kononenko P.N.',NULL),('(HfTaZrNb)C',59,'DOI:10.1016/j.scriptamat.2020.10.038',NULL,NULL,'ball milling',NULL,NULL,'SPS',NULL,NULL,NULL,'experimental ','Kononenko P.N.',NULL),('(HfTaZrNb)C',60,'DOI:10.1016/j.scriptamat.2020.10.038',NULL,NULL,'ball milling',NULL,NULL,'SPS',NULL,NULL,NULL,'experimental ','Kononenko P.N.',NULL),('(Ti1/4Ta1/4Zr1/4Nb1/4)C',61,'DOI:10.1016/j.oceram.2020.100015',4.4816,4.4816,'wetchemical mixing',NULL,NULL,'SPS','Ar',10,10,'experimental ','Kokorina A.I.',NULL),('(Hf0.2Ta0.2Zr0.2Ti0.2Nb0.2)C',62,'DOI: 10.1016/j.ceramint.2020.12.201',NULL,NULL,'highenergy ball milling',10,10,'SPS','Vacuum',10,10,'experimental ','Kokorina A.I.',NULL),('(NbTaZr)C',63,'DOI:10.1016/j.ceramint.2021.02.013',4.5359,4.5359,'ball milling',20,20,'SPS','Vacuum',10,10,'experimental ','Kokorina A.I.',''),('(NbTaZrW)C',64,'DOI:10.1016/j.ceramint.2021.02.013',4.4836,4.4836,'ball milling',20,20,'SPS','Vacuum',10,10,'experimental ','Kokorina A.I.',''),('(ZrNbTaHf)C',65,'DOI:10.1016/j.ceramint.2021.02.013',4.5606,4.5606,'ball milling',20,20,'SPS','Vacuum',10,10,'experimental ','Kokorina A.I.',''),('(NbTaZrHfW)C',66,'DOI:10.1016/j.ceramint.2021.02.013',4.5187,4.5187,'ball milling',20,20,'SPS','Vacuum',10,10,'experimental ','Kokorina A.I.',''),('Re0.5MoNbW(TaC)0.5',68,'DOI:10.1016/j.jmst.2020.12.015',4.416,4.416,NULL,NULL,NULL,'arc melting','Ar',NULL,NULL,'experimental ','Kokorina A.I.',NULL),('(Hf0.2Mo0.2Nb0.2Ta0.2Ti0.2)C',69,'DOI:10.1016/j.triboint.2021.106883',4.44,4.44,'ball milling',NULL,NULL,'SPS','Vacuum',10,10,'experimental ','Kokorina A.I.',NULL),('(Hf0.2Mo0.2Nb0.2Ta0.2Ti0.2)C',70,'DOI:10.1016/j.triboint.2021.106883',4.442,4.442,'ball milling',NULL,NULL,'SPS','Vacuum',10,10,'experimental ','Kokorina A.I.',NULL),('(Hf0.2Mo0.2Nb0.2Ta0.2Ti0.2)C',71,'DOI:10.1016/j.triboint.2021.106883',4.446,4.446,'ball milling',NULL,NULL,'SPS','Vacuum',10,10,'experimental ','Kokorina A.I.',NULL),('(Hf0.2Mo0.2Nb0.2Ta0.2Ti0.2)C',72,'DOI:10.1016/j.triboint.2021.106883',4.453,4.453,'ball milling',NULL,NULL,'SPS','Vacuum',10,10,'experimental ','Kokorina A.I.',NULL),('Hf0.2Ta0.2Ti0.2Nb0.2Mo0.2 or Zr0.2,)C',75,'doi:10.1088/1757899X/558/1/012043',NULL,NULL,NULL,NULL,NULL,'SPS','Vacuum',5,5,'experimental ','Gumovskaya A.A.',NULL),('PtNi',147,'DOI:10.1126/science.aan5412',NULL,NULL,'mixing into solution',NULL,NULL,'carbothermal shock','Ar',0.00092,0.00092,'experimental ','Kononenko P.N.',NULL),('AuCu',148,'DOI:10.1126/science.aan5412',NULL,NULL,'mixing into solution',NULL,NULL,'carbothermal shock','Ar',0.00092,0.00092,'experimental ','Kononenko P.N.',NULL),('FeNi',149,'DOI:10.1126/science.aan5412',NULL,NULL,'mixing into solution',NULL,NULL,'carbothermal shock','Ar',0.00092,0.00092,'experimental ','Kononenko P.N.',NULL),('PtPdNi',150,'DOI:10.1126/science.aan5412',NULL,NULL,'mixing into solution',NULL,NULL,'carbothermal shock','Ar',0.00092,0.00092,'experimental ','Kononenko P.N.',NULL),('AuCuSn',151,'DOI:10.1126/science.aan5412',NULL,NULL,'mixing into solution',NULL,NULL,'carbothermal shock','Ar',0.00092,0.00092,'experimental ','Kononenko P.N.',NULL),('FeCoNi',152,'DOI:10.1126/science.aan5412',NULL,NULL,'mixing into solution',NULL,NULL,'carbothermal shock','Ar',0.00092,0.00092,'experimental ','Kononenko P.N.',NULL),('PtFeCoNiCu',153,'DOI:10.1126/science.aan5412',NULL,NULL,'mixing into solution',NULL,NULL,'carbothermal shock','Ar',0.00092,0.00092,'experimental ','Kononenko P.N.',NULL),('PtPdCoNiFe',154,'DOI:10.1126/science.aan5412',NULL,NULL,'mixing into solution',NULL,NULL,'carbothermal shock','Ar',0.00092,0.00092,'experimental ','Kononenko P.N.',NULL),('PtCoNiFeCuAu',155,'DOI:10.1126/science.aan5412',NULL,NULL,'mixing into solution',NULL,NULL,'carbothermal shock','Ar',0.00092,0.00092,'experimental ','Kononenko P.N.',NULL),('PtPdCoNiFeCuAu',156,'DOI:10.1126/science.aan5412',NULL,NULL,'mixing into solution',NULL,NULL,'carbothermal shock','Ar',0.00092,0.00092,'experimental ','Kononenko P.N.',NULL),('PtPdCoNiFeCuAuSn',157,'DOI:10.1126/science.aan5412',NULL,NULL,'mixing into solution',NULL,NULL,'carbothermal shock','Ar',0.00092,0.00092,'experimental ','Kononenko P.N.',NULL),('PtPdIrRhRu',158,'DOI:10.1126/science.aan5412',NULL,NULL,'mixing into solution',NULL,NULL,'carbothermal shock','Ar',0.00092,0.00092,'experimental ','Kononenko P.N.',NULL),('PtPdRhRuCe',159,'DOI:10.1126/science.aan5412',NULL,NULL,'mixing into solution',NULL,NULL,'carbothermal shock','Ar',0.00092,0.00092,'experimental ','Kononenko P.N.',NULL),('(Ta0.2Hf0.2Zr0.2Ti0.2Nb0.2)C0.8N0.2',160,'DOI:10.1016/j.corsci.2021.109359',4.498,4.498,'ball milling',10,10,'SPS','Vacuum',10,10,'experimental ','Kononenko P.N.','ablation performance of (Ta0.2Hf0.2Zr0.2Ti0.2Nb0.2)C0.8N0.2 improved by 57±1% and 72±1%, for the corresponding ablation rate 1.47?(10?2) g/s, 6.54?10(3) mm/s'),('(Ta0.2Hf0.2Zr0.2Ti0.2Nb0.2)C',161,'DOI:10.1016/j.corsci.2021.109359',4.512,4.512,'ball milling',10,10,'SPS','Vacuum',10,10,'experimental ','Kononenko P.N.','poor ablation performance in comparison with (Ta0.2Hf0.2Zr0.2Ti0.2Nb0.2)C0.8N0.2'),('(Ti, Zr, Hf)2SC',163,'DOI:10.1016/j.ceramint.2020.11.096',3.335,3.335,'mixing in an agate mortar',0.5,0.5,'synthesis in PulseElectricCurrentAided sintering device','Ar',10,10,'experimental ','Kononenko P.N.','(Ti, Zr, Hf)2SC properties: theoretical Density (g/cm^3)=7.04; relative density(%)=97.7; thermal conductivity (W/m?K)=8.4, приводят сравнение свойств с Ti2SC'),('(CrNbTaTiW)C',176,'DOI:10.1016/j.matdes.2018.03.068',4.34,4.34,NULL,NULL,NULL,'nonreactive DCmagnetron sputtering','Ar',NULL,NULL,'experimental ','Kononenko P.N.','lattice distortion 5%, valence electron concentration 8.12'),('(CrNbTaTiW)C',177,'DOI:10.1016/j.matdes.2018.03.068',4.34,4.34,NULL,NULL,NULL,'nonreactive DCmagnetron sputtering','Ar',NULL,NULL,'experimental ','Kononenko P.N.','lattice distortion 5.1%, valence electron concentration 8.04'),('(CrNbTaTiW)C',178,'DOI:10.1016/j.matdes.2018.03.068',4.34,4.34,NULL,NULL,NULL,'nonreactive DCmagnetron sputtering','Ar',NULL,NULL,'experimental ','Kononenko P.N.','lattice distortion 5%, valence electron concentration 8.42'),('(CrNbTaTiW)C',179,'DOI:10.1016/j.matdes.2018.03.068',4.32,4.32,NULL,NULL,NULL,'nonreactive DCmagnetron sputtering','Ar',NULL,NULL,'experimental ','Kononenko P.N.','lattice distortion 5.3%, valence electron concentration 7.92'),('(CrNbTaTiW)C',180,'DOI:10.1016/j.matdes.2018.03.068',4.35,4.35,NULL,NULL,NULL,'nonreactive DCmagnetron sputtering','Ar',NULL,NULL,'experimental ','Kononenko P.N.','lattice distortion 3.3%, valence electron concentration 8.03'),('(CrNbTaTiW)C',181,'DOI:10.1016/j.matdes.2018.03.068',4.36,4.36,NULL,NULL,NULL,'nonreactive DCmagnetron sputtering','Ar',NULL,NULL,'experimental ','Kononenko P.N.','lattice distortion 3.3%, valence electron concentration 8.2'),('(CrNbTaTiW)C',182,'DOI:10.1016/j.matdes.2018.03.068',4.36,4.36,NULL,NULL,NULL,'nonreactive DCmagnetron sputtering','Ar',NULL,NULL,'experimental ','Kononenko P.N.','lattice distortion 3.4%, valence electron concentration 8.43'),('(CrNbTaTiW)C',183,'DOI:10.1016/j.matdes.2018.03.068',4.33,4.33,NULL,NULL,NULL,'nonreactive DCmagnetron sputtering','Ar',NULL,NULL,'experimental ','Kononenko P.N.','lattice distortion 3.4%, valence electron concentration 8.43'),('(CrNbTaTiW)C',184,'DOI:10.1016/j.matdes.2018.03.068',4.42,4.42,NULL,NULL,NULL,'nonreactive DCmagnetron sputtering','Ar',NULL,NULL,'experimental ','Kononenko P.N.','lattice distortion 3%, valence electron concentration 7.95'),('ZrC',185,'DOI:10.1016/j.ceramint.2021.02.264',4.68,4.68,'ball milling',5,5,'SPS','',3,3,'experimental ','Kononenko P.N.','Vickers hardness is 18.7 GPa, flexural strength is 425 MPa, elastic modulus is 389 GPa, fracture toughness is 4.23 MPa*m^(1/2)'),('TiC',186,'DOI:10.1016/j.ceramint.2021.02.264',NULL,NULL,'ball milling',5,5,'SPS',NULL,3,3,'experimental ','Kononenko P.N.','Vickers hardness is 15.5 GPa, flexural strength is 320 MPa, fracture toughness is 4.0 MPa*m^(1/2)'),('(Ti, Nb)C',187,'DOI:10.1016/j.ceramint.2021.02.264',4.41,4.41,'ball milling',5,5,'SPS','',3,3,'experimental ','Kononenko P.N.','Vickers hardness is 21.5 GPa'),('(Zr, Nb)C',188,'DOI:10.1016/j.ceramint.2021.02.264',4.57,4.57,'ball milling',5,5,'SPS','',3,3,'experimental ','Kononenko P.N.','Vickers hardness is 20.4 GPa'),('(Ti, Nb, Ta)C',189,'DOI:10.1016/j.ceramint.2021.02.264',4.42,4.42,'ball milling',5,5,'SPS','',3,3,'experimental ','Kononenko P.N.','flexural strength is 560 MPa, elastic modulus is 522 GPa, fracture toughness is 7.0 MPa*m^(1/2)'),('(Ti, Nb, Ta)C',190,'DOI:10.1016/j.ceramint.2021.02.264',4.42,4.42,'ball milling',5,5,'SPS','',3,3,'experimental ','Kononenko P.N.','flexural strength is 351 MPa'),('(Zr, Nb, Ta)C',191,'DOI:10.1016/j.ceramint.2021.02.264',4.53,4.53,'ball milling',5,5,'SPS','',3,3,'experimental ','Kononenko P.N.','elastic modulus is 468 GPa'),('(Zr, Ti, Nb)C',192,'DOI:10.1016/j.ceramint.2021.02.264',4.5,4.5,'ball milling',5,5,'SPS','',3,3,'experimental ','Kononenko P.N.','Vickers hardness is 23.3 GPa'),('(Ti, Nb, Ta, Hf)C',193,'DOI:10.1016/j.ceramint.2021.02.264',4.48,4.48,'ball milling',5,5,'SPS','',10,10,'experimental ','Kononenko P.N.','flexural strength is 470 MPa'),('(Zr, Nb, Ta, Hf)C',194,'DOI:10.1016/j.ceramint.2021.02.264',4.56,4.56,'ball milling',5,5,'SPS','',5,5,'experimental ','Kononenko P.N.','Vickers hardness is 22.8 GPa'),('(Zr, Ti, Nb, Ta)C',195,'DOI:10.1016/j.ceramint.2021.02.264',4.48,4.48,'ball milling',5,5,'SPS','',5,5,'experimental ','Kononenko P.N.','Vickers hardness is 23.3 GPa, elastic modulus is 480 GPa'),('(Ti, Nb, Ta, Hf, V)C',196,'DOI:10.1016/j.ceramint.2021.02.264',4.42,4.42,'ball milling',5,5,'SPS','',15,15,'experimental ','Kononenko P.N.',''),('(Zr, Ti, Nb, Ta, Hf)C',197,'DOI:10.1016/j.ceramint.2021.02.264',4.52,4.52,'ball milling',5,5,'SPS','',5,5,'experimental ','Kononenko P.N.','Vickers hardness is 23.3 GPa, flexural strength is 457 MPa , elastic modulus is 466 GPa, fracture toughness is 4.4 MPa*m^(1/2)'),('ZrNbHfTaCx',198,'DOI:10.1016/j.scriptamat.2021.114091',NULL,NULL,NULL,NULL,NULL,'arc melting','Ar',NULL,NULL,'experimental ','Kononenko P.N.',NULL),('ZrNbHfTaCx',199,'DOI:10.1016/j.scriptamat.2021.114091',NULL,NULL,NULL,NULL,NULL,'arc melting','Ar',NULL,NULL,'experimental ','Kononenko P.N.',NULL),('ZrNbHfTaCx',200,'DOI:10.1016/j.scriptamat.2021.114091',NULL,NULL,NULL,NULL,NULL,'arc melting','Ar',NULL,NULL,'experimental ','Kononenko P.N.',NULL),('ZrNbHfTaCx',201,'DOI:10.1016/j.scriptamat.2021.114091',NULL,NULL,NULL,NULL,NULL,'arc melting','Ar',NULL,NULL,'experimental ','Kononenko P.N.',NULL),('ZrNbHfTaCx',202,'DOI:10.1016/j.scriptamat.2021.114091',NULL,NULL,NULL,NULL,NULL,'arc melting','Ar',NULL,NULL,'experimental ','Kononenko P.N.',NULL),('ZrNbHfTaCx',203,'DOI:10.1016/j.scriptamat.2021.114091',NULL,NULL,NULL,NULL,NULL,'SPS','Ar',1,1,'experimental ','Kononenko P.N.',NULL),('HfVNbTaC4',205,'DOI:10.1016/j.actamat.2018.12.054',NULL,NULL,NULL,NULL,NULL,'Cambridge serial total energy package',NULL,NULL,NULL,'theoretical','Kononenko P.N.','δ  the lattice constant difference of the HEA components, Ω=TmΔSmix/|ΔHmix| where Tm, ΔSmix, and ΔHmix are melting point, mixing entropy, and mixing enthalpy of the HEA (highentropy alloy)'),('TiZrVNbC4',206,'DOI:10.1016/j.actamat.2018.12.054',NULL,NULL,NULL,NULL,NULL,'Cambridge serial total energy package',NULL,NULL,NULL,'theoretical','Kononenko P.N.','δ  the lattice constant difference of the HEA components, Ω=TmΔSmix/|ΔHmix| where Tm, ΔSmix, and ΔHmix are melting point, mixing entropy, and mixing enthalpy of the HEA (highentropy alloy)'),('ZrHfNbTaC4',207,'DOI:10.1016/j.actamat.2018.12.054',NULL,NULL,NULL,NULL,NULL,'Cambridge serial total energy package',NULL,NULL,NULL,'theoretical','Kononenko P.N.','δ  the lattice constant difference of the HEA components, Ω=TmΔSmix/|ΔHmix| where Tm, ΔSmix, and ΔHmix are melting point, mixing entropy, and mixing enthalpy of the HEA (highentropy alloy)'),('TiC0.4/WC/0.5Mo2C',208,'DOI:10.1016/j.jmst.2020.02.049',NULL,NULL,'ball milling',10,10,'SPS','Ar',10,10,'experimental ','Kononenko P.N.',NULL),('TiC0.4/WC/0.5Mo2C',209,'DOI:10.1016/j.jmst.2020.02.049',NULL,NULL,'ball milling',10,10,'SPS','Ar',10,10,'experimental ','Kononenko P.N.',NULL),('TiC0.4/WC/0.5Mo2C',210,'DOI:10.1016/j.jmst.2020.02.049',NULL,NULL,'ball milling',10,10,'hexahedron anvils press',NULL,NULL,NULL,'experimental ','Kononenko P.N.',NULL),('TiZrHfNbTa',211,'DOI:10.1016/j.ceramint.2021.08.158',NULL,NULL,NULL,NULL,NULL,'Highenergy ball milling','air',45,45,'experimental ','Kononenko P.N.',NULL),('(TiZrHfNbTa)C',212,'DOI:10.1016/j.ceramint.2021.08.158',NULL,NULL,NULL,NULL,NULL,'Highenergy ball milling','air',15,45,'experimental ','Kononenko P.N.',NULL),('TaNbSiZrCr ',254,'DOI:10.1016/j.matchemphys.2021.124741',NULL,NULL,NULL,NULL,NULL,'radiofrequency unbalanced magnetron sputtering','Ar, C2H2',60,60,'experimental ','Kononenko P.N.','for coating C0; Elastic module 644.9±42.5 GPa, Adhesion property >100 N, Roughness 30.6±3.0 nm. Corrosion activity: corrosion current density 1.90 (μA/cm)^2,  corrosion potential 0.15 V'),('TaNbSiZrCr ',255,'DOI:10.1016/j.matchemphys.2021.124741',NULL,NULL,NULL,NULL,NULL,'radiofrequency unbalanced magnetron sputtering','Ar, C2H2',60,60,'experimental ','Kononenko P.N.','for coating C0H (H means  the annealed substrate and coatings); Elastic module 668.2±8.6 GPa, Adhesion property >100 N, Roughness 27.8±1.4  nm. Corrosion activity: corrosion current density 3.25 (μA/cm)^2,  corrosion potential 0.25 V'),('TaNbSiZrCr ',256,'DOI:10.1016/j.matchemphys.2021.124741',NULL,NULL,NULL,NULL,NULL,'radiofrequency unbalanced magnetron sputtering','Ar, C2H2',60,60,'experimental ','Kononenko P.N.','for coating C4 (4  flow rate of C2H2); Elastic module 631.9±17.5 GPa, Adhesion property >100 N, Roughness 35.0±2.6  nm. Corrosion activity: corrosion current density 2.56 (μA/cm)^2,  corrosion potential 0.13 V'),('TaNbSiZrCr ',257,'DOI:10.1016/j.matchemphys.2021.124741',NULL,NULL,NULL,NULL,NULL,'radiofrequency unbalanced magnetron sputtering','Ar, C2H2',60,60,'experimental ','Kononenko P.N.','for coating C4H; Elastic module 654.7 ± 26.7 GPa, Adhesion property >100 N, Roughness 37.4 ± 1.2  nm. Corrosion activity: corrosion current density 3.16 (μA/cm)^2,  corrosion potential 0.17 V'),('TaNbSiZrCr ',258,'DOI:10.1016/j.matchemphys.2021.124741',NULL,NULL,NULL,NULL,NULL,'radiofrequency unbalanced magnetron sputtering','Ar, C2H2',60,60,'experimental ','Kononenko P.N.','for coating C8; Elastic module 616.7 ± 20.1 GPa, Adhesion property >100 N, Roughness 29.4 ± 3.5 nm. Corrosion activity: corrosion current density 3.05 (μA/cm)^2,  corrosion potential 0.15 V'),('TaNbSiZrCr ',259,'DOI:10.1016/j.matchemphys.2021.124741',NULL,NULL,NULL,NULL,NULL,'radiofrequency unbalanced magnetron sputtering','Ar, C2H2',60,60,'experimental ','Kononenko P.N.','for coating C8H; Elastic module 633.5 ± 13.5 GPa, Adhesion property 69.1 ± 0.2  N, Roughness 33.2 ± 1.9 nm. Corrosion activity: corrosion current density 2.97 (μA/cm)^2,  corrosion potential 0.21 V'),('TaNbSiZrCr ',260,'DOI:10.1016/j.matchemphys.2021.124741',NULL,NULL,NULL,NULL,NULL,'radiofrequency unbalanced magnetron sputtering','Ar, C2H2',60,60,'experimental ','Kononenko P.N.','for coating C12; Elastic module 402.6 ± 17.1 GPa, Adhesion property 84.9 ± 0.4   N, Roughness 84.9 ± 0.4 nm. Raman analysis results: locations of D band 1423 cm^1 and G band 1569 cm^1, intensities of D band 509 and G band 560. Corrosion activity: corrosion current density 3.59 (μA/cm)^2,  corrosion potential 0.12 V'),('TaNbSiZrCr ',261,'DOI:10.1016/j.matchemphys.2021.124741',NULL,NULL,NULL,NULL,NULL,'radiofrequency unbalanced magnetron sputtering','Ar, C2H2',60,60,'experimental ','Kononenko P.N.','for coating C12H; Elastic module 434.0 ± 3.1 GPa, Adhesion property 54.5 ± 0.3   N, Roughness 30.3 ± 1.3 nm. Raman analysis results: locations of D band 1379 cm^1 and G band 1570 cm^1, intensities of D band 1394 and G band 1499. Corrosion activity: corrosion current density 2.59 (μA/cm)^2,  corrosion potential 0.18 V'),('TaNbSiZrCr ',262,'DOI:10.1016/j.matchemphys.2021.124741',NULL,NULL,NULL,NULL,NULL,'radiofrequency unbalanced magnetron sputtering','Ar, C2H2',60,60,'experimental ','Kononenko P.N.','for coating C16; Elastic module 248.3 ± 8.5 GPa, Adhesion property 24.1 ± 0.3 N, Roughness 21.5 ± 0.3 nm. Raman analysis results: locations of D band 1394 cm^1 and G band 1565 cm^1, intensities of D band 9066 and G band 9719. Corrosion activity: corrosion current density 4.29 (μA/cm)^2,  corrosion potential 0.17 V'),('TaNbSiZrCr ',263,'DOI:10.1016/j.matchemphys.2021.124741',NULL,NULL,NULL,NULL,NULL,'radiofrequency unbalanced magnetron sputtering','Ar, C2H2',60,60,'experimental ','Kononenko P.N.','for coating C16H; Elastic module 331.1 ± 5.2 GPa, Adhesion property 3.3 ± 0.4 N, Roughness 25.6 ± 0.1 nm. Raman analysis results: locations of D band 1423 cm^1 and G band 1582 cm^1, intensities of D band 16458 and G band 17067. Corrosion activity: corrosion current density 2.11 (μA/cm)^2,  corrosion potential 0.10 V'),('TaNbSiZrCr ',264,'DOI:10.1016/j.matchemphys.2021.124741',NULL,NULL,NULL,NULL,NULL,'radiofrequency unbalanced magnetron sputtering','Ar, C2H2',60,60,'experimental ','Kononenko P.N.','for coating C23; Elastic module 163.8 ± 7.3 GPa, Adhesion property 19.6 ± 0.2 N, Roughness 36.3 ± 0.9 nm. Raman analysis results: locations of D band 1396 cm^1 and G band 1565 cm^1, intensities of D band 19772 and G band 19407. Corrosion activity: corrosion current density 4.70 (μA/cm)^2,  corrosion potential 0.17 V'),('TaNbSiZrCr ',265,'DOI:10.1016/j.matchemphys.2021.124741',NULL,NULL,NULL,NULL,NULL,'radiofrequency unbalanced magnetron sputtering','Ar, C2H2',60,60,'experimental ','Kononenko P.N.','for coating C23H; Elastic module 220.5 ± 16.4 GPa, Adhesion property 8.8 ± 0.3 N, Roughness 31.5 ± 1.2 nm. Raman analysis results: locations of D band 1373 cm^1 and G band 1586 cm^1, intensities of D band 26786 and G band 25917. Corrosion activity: corrosion current density 1.30 (μA/cm)^2,  corrosion potential 0.25 V'),('(HfTaZrNb)C',266,'DOI: 10.1016/j.ijrmhm.2021.105646',NULL,NULL,'ball milling',24,24,'twostep SPS','Vacuum',17,17,'experimental ','Kononenko P.N.','the hardness anisotropy: H{001} = 35.5 ± 0.4 GPa, H{101} = 37.8 ± 0.6 GPa and H{111} = 37.9 ± 0.8 GPa. '),('Re0.5MoNbW(TaC)0.8',272,'DOI: 10.1016/j.scriptamat.2021.113909',NULL,NULL,'ball milling',24,24,'arc melting','argon',5,5,'experimental ','Kononenko P.N.','plastic strain (PS) of 8.90 ± 0.15 %'),('TiZrNbHfTaC5',274,'doi14htms60945',2.538,2.538,'ball milling',5,5,'SPS','He',10,10,'experimental ','Pak A','это просто для примера написал'),('(Ti, Zr, Hf, Ta, La, Y)C',283,'DOI:10.1111/jace.17332',4,5367,NULL,NULL,NULL,'pyrolysis of liquid polymer precursor',NULL,NULL,NULL,'experimental ','Kononenko P.N.','Interplanar distance, Å: (111)  2.6084, (200)  2.2596, (220)  1.5985'),('(Ti, Zr, Hf, Ta, Nb, La, Y)C',284,'DOI:10.1111/jace.17332',4,5206,NULL,NULL,NULL,'pyrolysis of liquid polymer precursor',NULL,NULL,NULL,'experimental ','Kononenko P.N.','Interplanar distance, Å: (111)  2.6084, (200)  2.2596, (220)  1.5986'),('(Ti, Zr, Hf, Ta, Nb, Mo, W, La)C',285,'DOI:10.1111/jace.17332',4,4720,NULL,NULL,NULL,'pyrolysis of liquid polymer precursor',NULL,120,120,'experimental ','Kononenko P.N.','Interplanar distance, Å: (111)  2.5828, (200)  2.2362, (220)  1.5812'),('(Ti, Zr, Hf, Ta)C',286,'DOI:10.1111/jace.17332',4,5213,NULL,NULL,NULL,'pyrolysis of liquid polymer precursor',NULL,NULL,NULL,'experimental ','Kononenko P.N.','Interplanar distance, Å: (111)  2.6104, (200)  2.2609, (220)  1.5990'),('(Ti, Zr, Hf, Ta, Nb)C',287,'DOI:10.1111/jace.17332',4,5190,NULL,NULL,NULL,'pyrolysis of liquid polymer precursor',NULL,NULL,NULL,'experimental ','Kononenko P.N.','Interplanar distance, Å: (111)  2.6094, (200)  2.2599, (220)  1.5978'),('(Ti, Zr, Hf, Ta, Nb, Mo, W)C',288,'DOI:10.1111/jace.17332',4,4773,NULL,NULL,NULL,'pyrolysis of liquid polymer precursor',NULL,NULL,NULL,'experimental ','Kononenko P.N.','Interplanar distance, Å: (111)  2.5862, (200)  2.2393, (220)  1.5827'),('VC',289,'DOI:10.1016/j.ijrmhm.2018.12.011',4.155,4.155,'ball milling',NULL,NULL,'magnesiothermic combustion','argon',NULL,NULL,'experimental ','Kononenko P.N.',NULL),('NbC',290,'DOI:10.1016/j.ijrmhm.2018.12.011',4.452,4.452,'ball milling',NULL,NULL,'magnesiothermic combustion','argon',NULL,NULL,'experimental ','Kononenko P.N.',NULL),('TaC',291,'DOI:10.1016/j.ijrmhm.2018.12.011',4.433,4.433,'ball milling',NULL,NULL,'magnesiothermic combustion','argon',NULL,NULL,'experimental ','Kononenko P.N.',NULL),('Hf0.2Ta0.2Ti0.2Nb0.2Zr0.2C',292,'DOI:10.1016/j.ceramint.2020.04.230',NULL,NULL,'highenergy ball milling',1,1,'SPS','argon',10,10,'experimental ','Kononenko P.N.','Young Modulu 473 ± 37 GPa , Thermal conductivity 5.6 ± 0.1 W/mK'),('Hf0.2Ta0.2Ti0.2Nb0.2Mo0.2C',293,'DOI:10.1016/j.ceramint.2020.04.230',NULL,NULL,'highenergy ball milling',1,1,'SPS','argon',10,10,'experimental ','Kononenko P.N.','Young Modulu 544 ± 48 GPa , Thermal conductivity  5.9 ± 0.2 W/mK'),('CoCrFeMnNiCx',294,'DOI:10.1016/j.jallcom.2019.03.403',NULL,NULL,NULL,NULL,NULL,'arc melting','argon',NULL,NULL,'experimental ','Kononenko P.N.',NULL),('CoCrFeMnNiCx',295,'DOI:10.1016/j.jallcom.2019.03.403',NULL,NULL,NULL,NULL,NULL,'arc melting','argon',NULL,NULL,'experimental ','Kononenko P.N.',NULL),('CoCrFeMnNiCx',296,'DOI:10.1016/j.jallcom.2019.03.403',NULL,NULL,NULL,NULL,NULL,'arc melting','argon',NULL,NULL,'experimental ','Kononenko P.N.',NULL),('(Hf(1–x)Tax)C',297,'DOI:10.1016/j.ceramint.2018.07.149',NULL,NULL,'highenergy ball milling',10,10,'carbothermal reduction','vacuum',60,60,'experimental ','Kononenko P.N.','x=0.1, 0.2, 0.3'),('HfC',298,'DOI:10.1016/j.ceramint.2018.07.149',NULL,NULL,'highenergy ball milling',10,10,'carbothermal reduction','vacuum',60,60,'experimental ','Kononenko P.N.',NULL),('(Hf0.9Ta0.1)C',299,'DOI:10.1016/j.ceramint.2018.07.149',NULL,NULL,NULL,NULL,NULL,'SPS','vacuum',10,10,'experimental ','Kononenko P.N.','free carbon 0.01 %wt, oxygen 0.16 %wt; True density 12.53 g/cm^3, Relative density 99.3%, Mean particle size 42 nm, Mean grain size 2.65 µm \n'),('(Hf0.8Ta0.2)C',300,'DOI:10.1016/j.ceramint.2018.07.149',NULL,NULL,NULL,NULL,NULL,'SPS','vacuum',10,10,'experimental ','Kononenko P.N.','free carbon 0.02 %wt, oxygen 0.19 %wt; True density 12.84 g/cm^3, Relative density 100%, Mean particle size 38 nm, Mean grain size 2.31 µm '),('(Hf0.7Ta0.3)C',301,'DOI:10.1016/j.ceramint.2018.07.149',NULL,NULL,NULL,NULL,NULL,'SPS','vacuum',10,10,'experimental ','Kononenko P.N.','free carbon 0.01 %wt, oxygen 0.28 %wt; True density 12.88 g/cm^3, Relative density 98.7%, Mean particle size 35 nm, Mean grain size 2.22 µm '),('(Hf0.2Zr0.2Ta0.2Nb0.2Ti0.2)C',302,'DOI:10.1016/j.scriptamat.2019.05.039',NULL,NULL,'ball milling',2,2,'Flash Spark Plasma Sintering (1 stage), Reactive Flash Spark Plasma Sintering (2 stage)','vacuum',2,2,'experimental ','Kononenko P.N.',NULL),('(Zr0.25Nb0.25Ti0.25V0.25)C',303,'DOI:10.1016/j.actamat.2019.03.021',4.434,4.434,'ball milling',24,24,'hot pressing sintering technique','vacuum',30,30,'experimental ','Kononenko P.N.','Elastic Modulus 460.4 ± 19.3 GPa at load 8mN,  Fracture toughness 4.7 ± 0.5 MPa*m^(1/2) at load 49 N,  Thermal Diffusivity 5.2 ± 0.1 mm^2/s,  Heat Capacity  0.49 ± 0.04 J/(g*K), Thermal Conductivity 15.3 ± 0.3 W/(m*K)'),('(TiZrNbTaMo)C',304,'DOI:10.1016/j.jmst.2019.07.056',NULL,NULL,'ball milling',20,20,'carbothermal reduction (1st stage)','vacuum',60,60,'experimental ','Kononenko P.N.',NULL),('(TiZrNbTaMo)C',305,'DOI:10.1016/j.jmst.2019.07.056',4.867,4.867,NULL,NULL,NULL,'twostep hot pressing (2st stage)','vacuum',30,30,'experimental ','Kononenko P.N.','Fracture toughness 3.28±0.12 MPa*m^(1/2), Hardness at different loads (GPa): 16.8 ±1.2 (98 N), 17.9±1.0 (49 N), 25.3±0.3 (9.8 N), 31.3±2.5 (100 mN). '),('TiZrHfVNbC5',309,'DOI:10.1016/j.ceramint.2020.05.240',4.486,4.486,'ball milling',50,50,' powder metallurgy route',NULL,NULL,NULL,'experimental ','Kononenko P.N.','crystallite domain size (D) 2.5 nm, microstrains (e) 4.5%, Crystallographic planes (nm): (111)  0.260, (200)  0.225, (220)  0.159 '),('TiZrHfVTaC5',310,'DOI:10.1016/j.ceramint.2020.05.240',4.484,4.484,'ball milling',70,70,' powder metallurgy route',NULL,NULL,NULL,'experimental ','Kononenko P.N.','crystallite domain size (D) 2.4 nm, microstrains (e) 4.8%, Crystallographic planes (nm): (111)  0.260, (200)  0.225, (220)  0.159'),('TiZrHfNbTaC5',311,'DOI:10.1016/j.ceramint.2020.05.240',4.53,4.53,'ball milling',70,70,' powder metallurgy route',NULL,NULL,NULL,'experimental ','Kononenko P.N.','crystallite domain size (D) 3.3 nm, microstrains (e) 3.6%, Crystallographic planes (nm): (111)  0.262, (200)  0.227, (220)  0.160 '),('TiZrVNbTaC5',312,'DOI:10.1016/j.ceramint.2020.05.240',4.444,4.444,'ball milling',70,70,' powder metallurgy route',NULL,NULL,NULL,'experimental ','Kononenko P.N.','crystallite domain size (D) 4 nm, microstrains (e) 2.9%, Crystallographic planes (nm): (111)  0.256, (200)  0.222, (220)  0.156, (311)  0.134'),('TiHfVNbTaC5',313,'DOI:10.1016/j.ceramint.2020.05.240',4.43,4.43,'ball milling',70,70,' powder metallurgy route',NULL,NULL,NULL,'experimental ','Kononenko P.N.','crystallite domain size (D) 3.2 nm, microstrains (e) 3.6%, Crystallographic planes (nm): (111)  0.254, (200)  0.218, (220)  0.154, (311)  0.133'),('ZrHfVNbTaC5',314,'DOI:10.1016/j.ceramint.2020.05.240',4.508,4.508,'ball milling',70,70,' powder metallurgy route',NULL,NULL,NULL,'experimental ','Kononenko P.N.','crystallite domain size (D) 3 nm, microstrains (e) 3.9%, Crystallographic planes (nm): (111)  0.259, (200)  0.225, (220)  0.158, (311)  0.135'),('(TiZrHfTaNb)С',319,'DOI:10.1016/j.ceramint.2021.08.158',NULL,NULL,NULL,NULL,NULL,'highenergy ball milling',NULL,30,30,'experimental ','Korchagina A.P.',NULL),('(ZrNbCrMoAl)C',322,'DOI:10.1016/j.jmrt.2023.01.053',2.021,2.021,'highspeed ball miller',1,1,'pyrolyzed','N2',180,180,'experimental ','Korchagina A.P.',''),('(TaTiVW)C4 ',323,'DOI:10.1016/j.ijrmhm.2023.106114',4.313,4.313,'mixed in a cemented carbide tank ',8,8,'SPS','vacuum',12,12,'experimental ','Korchagina A.P.',''),('(TaTiVW)C4 ',324,'DOI:10.1016/j.ijrmhm.2023.106114',4.33,4.33,'mixed in a cemented carbide tank ',8,8,'SPS','vacuum',12,12,'experimental ','Korchagina A.P.',''),('(TaTiVW)C4 ',325,'DOI:10.1016/j.ijrmhm.2023.106114',4.324,4.324,'mixed in a cemented carbide tank ',8,8,'SPS','vacuum',12,12,'experimental ','Korchagina A.P.',''),('(TaTiVW)C4 ',326,'DOI:10.1016/j.ijrmhm.2023.106114',4.331,4.331,'mixed in a cemented carbide tank ',8,8,'SPS','vacuum',12,12,'experimental ','Korchagina A.P.',''),('(TaTiVW)C4 ',327,'DOI:10.1016/j.ijrmhm.2023.106114',4.332,4.332,'mixed in a cemented carbide tank ',8,8,'SPS','vacuum',12,12,'experimental ','Korchagina A.P.',''),('(TaTiVW)C4 ',328,'DOI:10.1016/j.ijrmhm.2023.106114',4.332,4.332,'mixed in a cemented carbide tank ',8,8,'SPS','vacuum',12,12,'experimental ','Korchagina A.P.',''),('(HfMoTiWZr)C',329,'DOI:10.1016/j.ceramint.2021.11.317',4.454,4.454,'highenergy ball mill',3,3,'SPS','',10,10,'experimental ','Korchagina A.P.',''),('(HfMoTiWZr)C',330,'DOI:10.1016/j.ceramint.2021.11.317',4.456,4.456,'highenergy ball mill',3,3,'SPS','',10,10,'experimental ','Korchagina A.P.',''),('(HfMoTiWZr)C',331,'DOI:10.1016/j.ceramint.2021.11.317',4.455,4.455,'highenergy ball mill',3,3,'SPS','',10,10,'experimental ','Korchagina A.P.',''),('(HfMoTiWZr)C',332,'DOI:10.1016/j.ceramint.2021.11.317',4.458,4.458,'highenergy ball mill',3,3,'SPS','',10,10,'experimental ','Korchagina A.P.',''),('(HfZrTaNbTi)C5',333,'DOI:10.1016/j.ceramint.2022.07.036',4.53,4.53,'mixed in a mortar',NULL,NULL,'highenergy ball milling','Ar',3000,3000,'experimental ','Korchagina A.P.',NULL),('(NbTaHfZrV)С',334,'DOI:10.1016/j.mencom.2022.11.037',4.519,4.519,'vibration mill',40,40,'highenergy shock wave treatment',NULL,NULL,NULL,'experimental ','Korchagina A.P.','HESWT'),('(CrNbMoWV)C',335,'DOI:10.1016/j.matlet.2021.131363',4.271,4.271,'Mechanical alloying',20,5,'SPS','',5,5,'experimental ','Korchagina A.P.',''),('(Zr0.25Hf0.25Ta0.25Nb0.25)Cx x=1',336,'DOI:10.1016/j.jmst.2021.12.063',4.5431,4.5431,'ball milling',NULL,NULL,'PS','vacuum',60,60,'experimental ','Korchagina A.P.',NULL),('(Zr0.25Hf0.25Ta0.25Nb0.25)Cx x=0.8',337,'DOI:10.1016/j.jmst.2021.12.063',4.5316,4.5316,'ball milling',NULL,NULL,'PS','vacuum',60,60,'experimental ','Korchagina A.P.',NULL),('(Zr0.25Hf0.25Ta0.25Nb0.25)Cx x=0.6',338,'DOI:10.1016/j.jmst.2021.12.063',4.5263,4.5263,'ball milling',NULL,NULL,'PS','vacuum',60,60,'experimental ','Korchagina A.P.',NULL),('(Zr0.25Hf0.25Ta0.25Nb0.25)Cx x=1',339,'DOI:10.1016/j.jmst.2021.12.063',4.5354,4.5354,'ball milling',NULL,NULL,'SPS',NULL,20,20,'experimental ','Korchagina A.P.',NULL),('(Zr0.25Hf0.25Ta0.25Nb0.25)Cx x=0.8',340,'DOI:10.1016/j.jmst.2021.12.063',4.5291,4.5291,'ball milling',NULL,NULL,'SPS',NULL,20,20,'experimental ','Korchagina A.P.',NULL),('(Zr0.25Hf0.25Ta0.25Nb0.25)Cx x=0.6',341,'DOI:10.1016/j.jmst.2021.12.063',4.5255,4.5255,'ball milling',NULL,NULL,'SPS',NULL,20,20,'experimental ','Korchagina A.P.',NULL),('(TiVNbTaW)C  12 vol% Ni',344,'DOI:10.1016/j.ijrmhm.2022.105914',4.3601,4.3601,'wet milling',48,48,'liquid phase sintering','vacuum',90,90,'experimental ','Korchagina A.P.',''),('(TiVNbTaW)C  12 vol% Ni',345,'DOI:10.1016/j.ijrmhm.2022.105914',4.3601,4.3601,'wet milling',48,48,'liquid phase sintering','vacuum',90,90,'experimental ','Korchagina A.P.',''),('(Ti, Zr, Hf, Mo, W)C ',346,'DOI:10.1016/j.ceramint.2022.02.135',4.4687,4.4687,'mixing solutions',NULL,NULL,'pyrolyze','vacuum',120,120,'experimental ','Korchagina A.P.',NULL),('(Ti, Zr, Hf, Mo, W)C ',347,'DOI:10.1016/j.ceramint.2022.02.135',4.4752,4.4752,'mixing solutions',NULL,NULL,'pyrolyze','vacuum',120,120,'experimental ','Korchagina A.P.',NULL),('(Ti, Zr, Hf, Mo, W)C ',348,'DOI:10.1016/j.ceramint.2022.02.135',4.4782,4.4782,'mixing solutions',NULL,NULL,'pyrolyze','vacuum',120,120,'experimental ','Korchagina A.P.',NULL),('(Ti, Zr, Hf, Mo, W)C ',349,'DOI:10.1016/j.ceramint.2022.02.135',4.4832,4.4832,'mixing solutions',NULL,NULL,'pyrolyze','vacuum',120,120,'experimental ','Korchagina A.P.',NULL),('(Zr, Hf, Ta, Mo, W)C',350,'DOI:10.1016/j.ceramint.2022.02.135',4.4917,4.4917,'mixing solutions',NULL,NULL,'pyrolyze','vacuum',120,120,'experimental ','Korchagina A.P.',NULL),('(TiTaNbZrHf)С',351,'DOI:10.1016/j.ceramint.2021.08.158',NULL,NULL,'Highenergy ball milling',0.75,0.75,'Highenergy ball milling',NULL,45,45,'experimental ','Korchagina A.P.',NULL),('(TiHfNbTa)C4',359,'DOI:10.1016/j.ijrmhm.2021.105567',NULL,NULL,'ball milling ',4,4,'carbothermal reduction and calcium treatment',NULL,8,8,'experimental ','Korchagina A.P.',NULL),('(ZrHfNbTa)C4',360,'DOI:10.1016/j.ijrmhm.2021.105567',NULL,NULL,'ball milling ',4,4,'carbothermal reduction and calcium treatment',NULL,8,8,'experimental ','Korchagina A.P.',NULL),('(TiZrHfNbTa)C5',361,'DOI:10.1016/j.ijrmhm.2021.105567',NULL,NULL,'ball milling ',4,4,'carbothermal reduction and calcium treatment',NULL,8,8,'experimental ','Korchagina A.P.',NULL),('(TiZrHfVNbTa)C6 ',362,'DOI:10.1016/j.ijrmhm.2021.105567',4.457,4.457,'ball milling ',4,4,'carbothermal reduction and calcium treatment','',8,8,'experimental ','Korchagina A.P.',''),('ZrNbTaC3',363,'DOI:10.1016/j.ijrmhm.2021.105567',NULL,NULL,'ball milling ',4,4,'carbothermal reduction and calcium treatment',NULL,8,8,'experimental ','Korchagina A.P.',NULL),('TiNbTaC3',364,'DOI:10.1016/j.ijrmhm.2021.105567',NULL,NULL,'ball milling ',4,4,'carbothermal reduction and calcium treatment',NULL,8,8,'experimental ','Korchagina A.P.',NULL),('NbTaC2',365,'DOI:10.1016/j.ijrmhm.2021.105567',NULL,NULL,'ball milling ',4,4,'carbothermal reduction and calcium treatment',NULL,8,8,'experimental ','Korchagina A.P.',NULL),('Ta4HfC5',366,'DOI:10.1016/j.ijrmhm.2021.105567',NULL,NULL,'ball milling ',4,4,'carbothermal reduction and calcium treatment',NULL,8,8,'experimental ','Korchagina A.P.',NULL),('Nb/TiC/TaC',367,'DOI:10.1016/j.ceramint.2021.12.038',4.390300000000001,4.3891,'ball milling ',20,20,'SPS','Ar',10,10,'experimental ','Korchagina A.P.',NULL),('Nb/TiC/TaC/VC ',368,'DOI:10.1016/j.ceramint.2021.12.038',4.3555,4.3549,'ball milling ',20,20,'SPS','Ar',10,10,'experimental ','Korchagina A.P.',NULL),('Nb/TiC/TaC/VC/WC',369,'DOI:10.1016/j.ceramint.2021.12.038',4.3504,4.3492,'ball milling ',20,20,'SPS','Ar',10,10,'experimental ','Korchagina A.P.',NULL),('(HfNbTaTiZr)Cx',371,'DOI:10.1016/j.actamat.2021.117051',NULL,NULL,NULL,NULL,NULL,'reactive radio frequency (RF) magnetron sputtering ','Ar',90,90,'experimental ','Korchagina A.P.','changing the methane flow during the deposition for different stoichiometry'),('Al2O3/(NbTaMoW)C',372,'DOI:10.1016/j.compositesb.2021.108681',4.456,4.456,'ballmilled',5,5,'SPS','vacuum',20,20,'experimental ','Korchagina A.P.',''),('HfTa4C5',373,'DOI:10.1038/s41467022334971',NULL,NULL,'ballmilled',24,24,'FAST','vacuum',30,30,'experimental ','Korchagina A.P.',NULL),('TiZrNbHfTaC5',374,'DOI:10.1038/s41524022009559',4.52,4.46,'ball milling ',5,5,'Arc plasma synthesis',NULL,0.75,0.75,'experimental ','Korchagina A.P.','machine learning'),('NbMoWVCrC',379,'Undefined',NULL,NULL,'planetary ballmilling',5,20,'SPS',NULL,5,5,'experimental ','Korchagina A.P.',NULL),('(Zr0.25Ta0.25Nb0.25Ti0.25)C',381,'DOI:10.1016/j.jallcom.2023.168737',4.45,4.45,NULL,NULL,NULL,'annealing at high tem perature ','Ar',60,60,'experimental ','Korchagina A.P.',NULL),('(Zr0.2Ta0.2Nb0.2Ti0.2W0.2)C',382,'DOI:10.1016/j.jallcom.2023.168737',4.43,4.43,NULL,NULL,NULL,'annealing at high tem perature ','Ar',60,60,'experimental ','Korchagina A.P.',NULL),('(Zr1/6Ta1/6Nb1/6Ti1/6W1/6Hf1/6)C',383,'DOI:10.1016/j.jallcom.2023.168737',4.47,4.47,NULL,NULL,NULL,'annealing at high tem perature ','Ar',60,60,'experimental ','Korchagina A.P.',NULL),('(Zr1/7Ta1/7Nb1/ 7Ti1/7W1/7Hf1/7V1/7)C',384,'DOI:10.1016/j.jallcom.2023.168737',4.43,4.43,NULL,NULL,NULL,'annealing at high tem perature ','Ar',60,60,'experimental ','Korchagina A.P.',NULL),('(Zr1/8Ta1/8Nb1/8Ti1/8W1/8Hf1/8V1/ 8Mo1/8)C',385,'DOI:10.1016/j.jallcom.2023.168737',4.42,4.42,NULL,NULL,NULL,'annealing at high tem perature ','Ar',60,60,'experimental ','Korchagina A.P.',NULL),('(VNbTaMoW)C5–SiC(0%)',386,'DOI:10.1007/s11106023003321',NULL,NULL,'ball milling',10,10,'SPS','vacuum',12,12,'experimental ','Korchagina A.P.',NULL),('(VNbTaMoW)C5–SiC(5%)',387,'DOI:10.1007/s11106023003321',NULL,NULL,'ball milling',10,10,'SPS','vacuum',12,12,'experimental ','Korchagina A.P.',NULL),('(VNbTaMoW)C5–SiC(10%)',388,'DOI:10.1007/s11106023003321',NULL,NULL,'ball milling',10,10,'SPS','vacuum',12,12,'experimental ','Korchagina A.P.',NULL),('(VNbTaMoW)C5–SiC(20%)',389,'DOI:10.1007/s11106023003321',NULL,NULL,'ball milling',10,10,'SPS','vacuum',12,12,'experimental ','Korchagina A.P.',NULL),('(VNbTaMoW)C5–SiC(30%)',390,'DOI:10.1007/s11106023003321',NULL,NULL,'ball milling',10,10,'SPS','vacuum',12,12,'experimental ','Korchagina A.P.',NULL);
/*!40000 ALTER TABLE `synthesis_product` ENABLE KEYS */;
UNLOCK TABLES;
/*!40103 SET TIME_ZONE=@OLD_TIME_ZONE */;

/*!40101 SET SQL_MODE=@OLD_SQL_MODE */;
/*!40014 SET FOREIGN_KEY_CHECKS=@OLD_FOREIGN_KEY_CHECKS */;
/*!40014 SET UNIQUE_CHECKS=@OLD_UNIQUE_CHECKS */;
/*!40101 SET CHARACTER_SET_CLIENT=@OLD_CHARACTER_SET_CLIENT */;
/*!40101 SET CHARACTER_SET_RESULTS=@OLD_CHARACTER_SET_RESULTS */;
/*!40101 SET COLLATION_CONNECTION=@OLD_COLLATION_CONNECTION */;
/*!40111 SET SQL_NOTES=@OLD_SQL_NOTES */;

-- Dump completed on 2023-06-06  3:02:25
