CREATE DATABASE  IF NOT EXISTS `heasm` /*!40100 DEFAULT CHARACTER SET utf8mb4 COLLATE utf8mb4_0900_ai_ci */ /*!80016 DEFAULT ENCRYPTION='N' */;
USE `heasm`;
-- MySQL dump 10.13  Distrib 8.0.32, for Win64 (x86_64)
--
-- Host: localhost    Database: heasm
-- ------------------------------------------------------
-- Server version	8.0.32

/*!40101 SET @OLD_CHARACTER_SET_CLIENT=@@CHARACTER_SET_CLIENT */;
/*!40101 SET @OLD_CHARACTER_SET_RESULTS=@@CHARACTER_SET_RESULTS */;
/*!40101 SET @OLD_COLLATION_CONNECTION=@@COLLATION_CONNECTION */;
/*!50503 SET NAMES utf8 */;
/*!40103 SET @OLD_TIME_ZONE=@@TIME_ZONE */;
/*!40103 SET TIME_ZONE='+00:00' */;
/*!40014 SET @OLD_UNIQUE_CHECKS=@@UNIQUE_CHECKS, UNIQUE_CHECKS=0 */;
/*!40014 SET @OLD_FOREIGN_KEY_CHECKS=@@FOREIGN_KEY_CHECKS, FOREIGN_KEY_CHECKS=0 */;
/*!40101 SET @OLD_SQL_MODE=@@SQL_MODE, SQL_MODE='NO_AUTO_VALUE_ON_ZERO' */;
/*!40111 SET @OLD_SQL_NOTES=@@SQL_NOTES, SQL_NOTES=0 */;

--
-- Table structure for table `bibliography`
--

DROP TABLE IF EXISTS `bibliography`;
/*!40101 SET @saved_cs_client     = @@character_set_client */;
/*!50503 SET character_set_client = utf8mb4 */;
CREATE TABLE `bibliography` (
  `DOI` varchar(500) NOT NULL COMMENT 'DOI',
  `INTERNAL_CIPHER` varchar(500) DEFAULT NULL COMMENT 'Внутренний шифр',
  `URL` varchar(500) DEFAULT NULL COMMENT 'URL',
  `YEAR` int DEFAULT NULL COMMENT 'Год издания',
  `JOURNAL` varchar(500) DEFAULT NULL COMMENT 'Журнал',
  PRIMARY KEY (`DOI`),
  KEY `SOU_JOU_idx` (`JOURNAL`),
  CONSTRAINT `SOU_JOU` FOREIGN KEY (`JOURNAL`) REFERENCES `source` (`JOURNAL`) ON DELETE CASCADE ON UPDATE CASCADE
) ENGINE=InnoDB DEFAULT CHARSET=utf8mb3;
/*!40101 SET character_set_client = @saved_cs_client */;

--
-- Dumping data for table `bibliography`
--

LOCK TABLES `bibliography` WRITE;
/*!40000 ALTER TABLE `bibliography` DISABLE KEYS */;
INSERT INTO `bibliography` VALUES ('doi14htms60945','56_Ќ…‘','https .....',2020,'International journal of refractory metals and hard materials'),('DOI: 10.1016/j.actamat.2020.06.011','23_HEC','Irradiation damage in (Zr0.25Ta0.25Nb0.25Ti0.25)C highentropy carbide ceramics | Request PDF (researchgate.net)',2020,'Acta Materialia'),('DOI: 10.1016/j.ceramint.2019.01.238','11_HEC','https://www.researchgate.net/publication/330861710_Arc_melting_A_novel_method_to_prepare_homogeneous_solid_solutions_of_transition_metal_carbides_Zr_Ta_Hf',2019,'Ceramics International'),('DOI: 10.1016/j.ceramint.2019.07.195','01_HEC','https://www.sciencedirect.com/science/article/pii/S0272884219320176',2019,'Ceramics International'),('DOI: 10.1016/j.commatsci.2021.110869','49_HEC_PK','https://www.sciencedirect.com/science/article/abs/pii/S092702562100584X?via%3Dihub',2020,'Computational Materials Science '),('DOI: 10.1016/j.ijrmhm.2021.105646','52_HEC_PK','https://www.sciencedirect.com/science/article/pii/S0263436821001785?via%3Dihub',2021,'International Journal of Refractory Metals and Hard Materials'),('DOI: 10.1016/j.jeurceramsoc.2020.12.043','40_HEC_PK','https://www.researchgate.net/publication/348055538_Densification_and_joining_of_a_HfTaZrNbTiC_highentropy_ceramic_by_hot_pressing',2020,'Journal of the European Ceramic Society'),('DOI: 10.1016/j.mtla.2019.100540','17_HEC','https://www.researchgate.net/publication/337571029_Precipitation_of_Ti_Zr_Nb_Ta_HfC_high_entropy_carbides_in_a_steel_matrix',2019,'Materialia'),('DOI: 10.1016/j.scriptamat.2021.113909','55_HEC_PK','https://www.sciencedirect.com/science/article/pii/S1359646221001895?via%3Dihub',2021,'Scripta Materialia '),('DOI: 10.1038/s41467018071607','12_HEC','https://www.researchgate.net/publication/329191805_Highentropy_highhardness_metal_carbides_discovered_by_entropy_descriptors',2018,'Nature Communications'),('DOI: 10.1111/jace.16295','18_HEC','https://www.researchgate.net/publication/331429330_Firstprinciples_study_fabrication_and_characterization_of_Zr025Nb025Ti025V025C_highentropy_ceramic',2018,'Journal of American Ceramic Society '),('DOI:10.1016/j.actamat.2018.12.054','06_HEC','https://www.researchgate.net/publication/330011825_Phase_stability_and_mechanical_properties_of_novel_high_entropy_transition_metal_carbides',2019,'Acta Materialia'),('DOI:10.1016/j.actamat.2018.12.060','06_HEC','https://www.researchgate.net/publication/330011825_Phase_stability_and_mechanical_properties_of_novel_high_entropy_transition_metal_carbides',2019,'Acta Materialia'),('DOI:10.1016/j.actamat.2019.03.021','64_HEC_PK','https://www.researchgate.net/publication/331911483_Firstprinciples_study_fabrication_and_characterization_of_Zr025Nb025Ti025V025C_highentropy_ceramics',2019,'Acta Materialia'),('DOI:10.1016/j.actamat.2020.06.005','22_HEC','https://www.researchgate.net/publication/342346143_Electron_and_phonon_thermal_conductivity_in_high_entropy_carbides_with_variable_carbon_content',2020,'Acta Materialia'),('DOI:10.1016/j.actamat.2021.117051','88_HEC','https://www.sciencedirect.com/science/article/pii/S1359645421004316?via%3Dihub',2021,'Acta Materialia'),('DOI:10.1016/j.ceramint.2018.07.149','62_HEC_PK','https://www.researchgate.net/publication/326511762_Synthesis_and_properties_of_Hf_1x_Ta_x_C_solid_solution_carbides',2018,'Ceramics International'),('DOI:10.1016/j.ceramint.2018.08.100','03_HEC','https://www.sciencedirect.com/science/article/pii/S0272884218321576',2018,'Ceramics International'),('DOI:10.1016/j.ceramint.2019.07.244','10_HEC','https://www.researchgate.net/publication/334609691_Liquid_precursorderived_highentropy_carbide_nanopowders',2019,'Ceramics International'),('DOI:10.1016/j.ceramint.2020.04.230','60_HEC_PK','https://www.researchgate.net/publication/340921363_Highentropy_HfTaTiNbZrC_and_HfTaTiNbMoC_carbides_fabricated_through_reactive_highenergy_ball_milling_and_spark_plasma_sintering',2020,'Ceramics International'),('DOI:10.1016/j.ceramint.2020.05.240','67_HEC_PK','https://www.researchgate.net/publication/341788462_Synthesis_of_all_equiatomic_fivetransition_metals_High_Entropy_Carbides_of_the_IVB_Ti_Zr_Hf_and_VB_V_Nb_Ta_groups_by_a_low_temperature_route',2020,'Ceramics International'),('DOI:10.1016/j.ceramint.2020.11.096','39_HEC_PK','https://www.researchgate.net/publication/346054155_Mediumentropy_Ti_Zr_Hf_2_SC_MAX_phase',2020,'Ceramics International'),('DOI:10.1016/j.ceramint.2021.02.013','27_HEC','https://www.researchgate.net/publication/349066697_Phase_Microstructure_and_Related_Mechanical_Properties_of_a_Series_of_NbTaZrCBased_High_Entropy_Ceramics',2021,'Ceramics International'),('DOI:10.1016/j.ceramint.2021.02.264','43_HEC_PK','https://www.researchgate.net/publication/349843262_Compositional_effect_on_mechanical_properties_of_transitionmetal_carbide_solid_solutions',2021,'Ceramics International'),('DOI:10.1016/j.ceramint.2021.08.158','48_HEC_PK','https://www.researchgate.net/publication/353904606_Fabrication_of_highentropy_carbide_TiZrHfTaNbS_by_highenergy_ball_milling',2021,'Ceramics International'),('DOI:10.1016/j.ceramint.2021.11.317','75_HEC','https://www.sciencedirect.com/science/article/pii/S0272884221037408?via%3Dihub',2022,'Ceramics International'),('DOI:10.1016/j.ceramint.2021.12.038','86_HEC','https://www.sciencedirect.com/science/article/pii/S0272884221038086?via%3Dihub',2023,'Ceramics International'),('DOI:10.1016/j.ceramint.2022.02.135','82_HEC','https://www.sciencedirect.com/science/article/pii/S0272884222005314?via%3Dihub',2022,'Ceramics International'),('DOI:10.1016/j.ceramint.2022.07.036','76_HEC','https://www.sciencedirect.com/science/article/pii/S0272884222024233?via%3Dihub',2022,'Ceramics International'),('DOI:10.1016/j.compositesb.2021.108681','89_HEC','https://www.sciencedirect.com/science/article/pii/S1359836821000743?via%3Dihub',2021,'Composites Part B: Engineering'),('DOI:10.1016/j.corsci.2019.04.001','16_HEC','https://www.researchgate.net/publication/332239382_Oxidation_behavior_of_Hf02Zr02Ta02Nb02Ti02C_highentropy_ceramics_at_10731473_K_in_air',2019,'Corrosion Science '),('DOI:10.1016/j.corsci.2021.109359','37_HEC_PK','https://www.researchgate.net/publication/349744594_Novel_refractory_highentropy_ceramics_Transition_metal_carbonitrides_with_superior_ablation_resistance',2021,'Corrosion Science '),('DOI:10.1016/j.ijrmhm.2018.12.011','59_HEC_PK','https://www.researchgate.net/publication/329613885_Mechanochemical_combustion_synthesis_of_vanadium_carbide_VC_niobium_carbide_NbC_and_tantalum_carbide_TaC_nanoparticles',2018,'International Journal of Refractory Metals and Hard Materials'),('DOI:10.1016/j.ijrmhm.2021.105567','85_HEC','https://www.sciencedirect.com/science/article/pii/S0263436821000998?via%3Dihub',2021,'International Journal of Refractory Metals and Hard Materials'),('DOI:10.1016/j.ijrmhm.2022.105859','80_HEC','https://www.sciencedirect.com/science/article/pii/S026343682200083X?via%3Dihub',2022,'International Journal of Refractory Metals and Hard Materials'),('DOI:10.1016/j.ijrmhm.2022.105914','81_HEC','https://www.sciencedirect.com/science/article/pii/S026343682200138X?via%3Dihub',2022,'International Journal of Refractory Metals and Hard Materials'),('DOI:10.1016/j.ijrmhm.2023.106114','74_HEC','https://www.sciencedirect.com/science/article/pii/S0263436823000148?via%3Dihub',2023,'International Journal of Refractory Metals and Hard Materials'),('DOI:10.1016/j.jallcom.2018.05.180','66_HEC_PK','https://www.researchgate.net/publication/325200833_Strengthening_of_Al_015_CoCrCuFeNiTi_x_C_x_0_1_2_highentropy_alloys_by_grain_refinement_and_using_nanoscale_carbides_via_powder_metallurgical_route',2018,'Journal of Alloys and Compounds'),('DOI:10.1016/j.jallcom.2019.02.254','13_HEC','https://www.researchgate.net/publication/331323210_Investigation_of_thermodynamic_properties_of_high_entropy_TaNbHfTiZrC_and_TaNbHfTiZrN',2019,'Journal of Alloys and Compounds'),('DOI:10.1016/j.jallcom.2019.03.403','61_HEC_PK','https://www.researchgate.net/publication/332178727_Microstructures_and_mechanical_properties_of_nano_carbides_reinforced_CoCrFeMnNi_high_entropy_alloys',2019,'Journal of Alloys and Compounds'),('DOI:10.1016/j.jallcom.2019.152523','15_HEC','https://www.researchgate.net/publication/336191497_Oxidation_behaviours_of_highentropy_transition_metal_carbides_in_1200_C_water_vapor',2019,'Journal of Alloys and Compounds'),('DOI:10.1016/j.jeurceramsoc.2018.05.006','02_HEC','https://www.sciencedirect.com/science/article/abs/pii/S0955221918303029',2018,'Journal of the European Ceramic Society'),('DOI:10.1016/j.jeurceramsoc.2019.04.006','05_HEC','https://www.researchgate.net/publication/332215963_High_entropy_carbide_ceramics_from_different_starting_materials',2019,'Journal of the European Ceramic Society'),('DOI:10.1016/j.jeurceramsoc.2019.12.011','41_HEC_PK','https://www.researchgate.net/publication/337778161_Interfacial_reaction_between_ZrNbHfTa_foil_and_graphite_Formation_of_highentropy_carbide_and_the_effect_of_heating_rate_on_its_microstructure',2019,'Journal of the European Ceramic Society'),('DOI:10.1016/j.jeurceramsoc.2019.12.034','38_HEC_PK','https://www.researchgate.net/publication/338153510_Gradient_microstructure_development_and_grain_growth_inhibition_in_highentropy_carbide_ceramics_prepared_by_reactive_spark_plasma_sintering',2019,'Journal of the European Ceramic Society'),('DOI:10.1016/j.jeurceramsoc.2020.03.020','54_HEC_PK','https://www.researchgate.net/publication/340038966_Phase_evolution_and_properties_of_VNbTaMoWC_high_entropy_carbide_prepared_by_reaction_synthesis',2020,'Journal of the European Ceramic Society'),('DOI:10.1016/j.jeurceramsoc.2020.04.023','20_HEC','https://www.researchgate.net/publication/340800727_Small_scale_fracture_and_strength_of_highentropy_carbide_grains_during_microcantilever_bending_experiments',2020,'Journal of the European Ceramic Society'),('DOI:10.1016/j.jeurceramsoc.2021.01.048','28_HEC','https://www.researchgate.net/publication/348913340_Pressureless_sintering_and_properties_of_Hf02Zr02Ta02Nb02Ti02C_highentropy_ceramics_The_effect_of_pyrolytic_carbon',2021,'Journal of the European Ceramic Society'),('DOI:10.1016/j.jeurceramsoc.2021.03.053','57_HEC_PK','https://www.researchgate.net/publication/350549441_Highentropy_carbide_ceramics_with_refined_microstructure_and_enhanced_thermal_conductivity_by_the_addition_of_graphite',2021,'Journal of the European Ceramic Society'),('DOI:10.1016/j.jeurceramsoc.2021.05.002','45_HEC_PK','https://www.researchgate.net/publication/351497553_Nanoindentation_and_tribology_of_a_HfTaZrNbTiC_highentropy_carbide',2021,'Journal of the European Ceramic Society'),('DOI:10.1016/j.jeurceramsoc.2021.05.010','84_HEC','https://www.sciencedirect.com/science/article/pii/S0955221921003368?via%3Dihub',2021,'Journal of the European Ceramic Society'),('DOI:10.1016/j.jeurceramsoc.2021.07.012','87_HEC','https://www.sciencedirect.com/science/article/pii/S0955221921004829?via%3Dihub',2021,'Journal of the European Ceramic Society'),('DOI:10.1016/j.jeurceramsoc.2021.08.037','50_HEC_PK','https://www.researchgate.net/publication/354040801_Experimental_studies_on_critical_compositions_for_fabricating_singlephase_high_entropy_carbides_based_on_the_calculated_phase_diagram_of_VNbTaMoW05Cx_0',2021,'Journal of the European Ceramic Society'),('DOI:10.1016/j.jeurceramsoc.2021.12.058','71_HEC','https://www.sciencedirect.com/science/article/pii/S0955221921009523?via%3Dihub',2022,'Journal of the European Ceramic Society'),('DOI:10.1016/j.jeurceramsoc.2022.03.054','68_HEC','https://www.sciencedirect.com/science/article/pii/S0955221922002461?via%3Dihub',2022,'Journal of the European Ceramic Society'),('DOI:10.1016/j.jeurceramsoc.2022.08.025','69_HEC','https://www.sciencedirect.com/science/article/pii/S0955221922006276?via%3Dihub',2022,'Journal of the European Ceramic Society'),('DOI:10.1016/j.jeurceramsoc.2023.01.017','72_HEC','https://www.sciencedirect.com/science/article/pii/S0955221923000183?via%3Dihub',2023,'Journal of the European Ceramic Society'),('DOI:10.1016/j.jmrt.2023.01.053','73_HEC','https://www.sciencedirect.com/science/article/pii/S2238785423000546?via%3Dihub',2023,'Journal of Materials Research and Technology'),('DOI:10.1016/j.jmst.2019.04.006','09_HEC','https://www.researchgate.net/publication/332216364_High_porosity_and_low_thermal_conductivity_high_entropy_Zr02Hf02Ti02Nb02Ta02C',2019,'Journal of Materials Science & Technology'),('DOI:10.1016/j.jmst.2019.07.056','65_HEC_PK','https://www.researchgate.net/publication/336079562_Microstructure_and_mechanical_properties_of_TiZrNbTaMoC_highentropy_ceramic',2019,'Journal of Materials Science and Technology'),('DOI:10.1016/j.jmst.2020.02.049','47_HEC_PK','https://www.researchgate.net/publication/340962171_A_novel_nonstoichiometric_mediumentropy_carbide_stabilized_by_anion_vacancies',2020,'Journal of Materials Science & Technology'),('DOI:10.1016/j.jmst.2020.10.016','21_HEC','https://www.researchgate.net/publication/346335929_Electromagnetic_wave_absorbing_properties_of_TMCs_TMTi_Zr_Hf_Nb_and_Ta_and_high_entropy_Ti02Zr02Hf02Nb02Ta02C',2021,'Journal of Materials Science and Technology'),('DOI:10.1016/j.jmst.2020.12.015','29_HEC','https://www.researchgate.net/publication/348626386_Hightemperature_ultrastrength_of_dualphase_Re05MoNbWTaC05_highentropy_alloy_matrix_composite',2021,'Journal of Materials Science & Technology'),('DOI:10.1016/j.jmst.2021.12.063','79_HEC','https://www.sciencedirect.com/science/article/pii/S1005030222002274?via%3Dihub',2022,'Journal of Materials Science & Technology'),('DOI:10.1016/j.matchemphys.2021.124741','51_HEC_PK','https://www.researchgate.net/publication/351675737_Mechanical_tribological_anticorrosion_and_antiglass_sticking_properties_of_highentropy_TaNbSiZrCr_carbide_coatings_prepared_using_radiofrequency_magnetron_sputtering',2021,'Materials Chemistry and Physics'),('DOI:10.1016/j.matdes.2018.03.068','42_HEC_PK','https://www.researchgate.net/publication/324093521_Synthesis_and_characterization_of_multicomponent_CrNbTaTiWC_films_for_increased_hardness_and_corrosion_resistance',2018,'Materials and Design'),('DOI:10.1016/j.matdes.2021.109634','53_HEC_PK','https://www.researchgate.net/publication/349842966_Temperaturedependent_elastic_properties_of_binary_and_multicomponent_highentropy_refractory_carbides',2020,'Materials and Design'),('DOI:10.1016/j.matlet.2021.131363','78_HEC','https://www.sciencedirect.com/science/article/pii/S0167577X21020619?via%3Dihub',2022,'Materials Letters'),('DOI:10.1016/j.mencom.2022.11.037','77_HEC','https://www.sciencedirect.com/science/article/pii/S0959943622003261?via%3Dihub',2022,'Mendeleev Communications'),('DOI:10.1016/j.msea.2020.140520','19_HEC','https://www.researchgate.net/publication/346898521_Reaction_synthesis_and_characterization_of_a_new_class_high_entropy_carbide_NbTaMoWC',2020,'Materials Science and Engineering A'),('DOI:10.1016/j.oceram.2020.100015','25_HEC','https://www.researchgate.net/publication/343809572_Synthesis_and_hightemperature_properties_of_mediumentropy_TiTaZrNbC_using_the_spark_plasma_consolidation_of_carbide_powders',2020,'Open Ceramics'),('DOI:10.1016/j.physb.2018.09.014','08_HEC','https://www.researchgate.net/publication/327533286_Structural_mechanical_and_electronic_properties_of_TaNbHfTiZrC_high_entropy_carbide_under_pressure_Ab_initio_investigation',2018,'Physica B: Condensed Matter'),('DOI:10.1016/j.scriptamat.2018.10.049','07_HEC','https://www.researchgate.net/publication/328791305_Synthesis_of_singlephase_highentropy_carbide_powders',2019,'Scripta Materialia '),('DOI:10.1016/j.scriptamat.2019.01.024','14_HEC','https://www.researchgate.net/publication/330673371_Hightemperature_flexural_strength_performance_of_ternary_highentropy_carbide_consolidated_via_spark_plasma_sintering_of_TaC_ZrC_and_NbC',2019,'Scripta Materialia '),('DOI:10.1016/j.scriptamat.2019.05.039','63_HEC_PK','https://www.researchgate.net/publication/344743565_Reactive_flash_spark_plasma_sintering_of_highentropy_ultrahigh_temperature_ceramics',2019,'Scripta Materialia '),('DOI:10.1016/j.scriptamat.2020.10.038','24_HEC','https://www.researchgate.net/publication/345358670_Oxidation_resistance_of_HfTaZrNbC_high_entropy_carbide_powders_compared_with_the_component_monocarbides_and_binary_carbide_powders',2021,'Scripta Materialia '),('DOI:10.1016/j.scriptamat.2021.114091','44_HEC_PK','https://www.researchgate.net/publication/353018488_Solidification_microstructures_of_multielement_carbides_in_the_high_entropy_ZrNbHfTaCx_system_produced_by_arc_melting',2021,'Scripta Materialia '),('DOI:10.1016/j.triboint.2021.106883','30_HEC','https://www.researchgate.net/publication/348629028_Singlephase_HfMoNbTaTiC_Highentropy_Ceramic_a_Potential_High_Temperature_Antiwear_Material',2021,'Tribology International'),('DOI:10.1038/s4152402003176','34_HEC_PK','https://www.researchgate.net/publication/341088967_Discovery_of_highentropy_ceramics_via_machine_learning',2020,'Computational Materials'),('DOI:10.1038/s4157801901708','35_HEC_PK','https://www.researchgate.net/publication/339217334_Highentropy_ceramics',2020,'Nature Reviews Materials'),('DOI:10.1038/s41598018268271','04_HEC','https://www.nature.com/articles/s41598018268271',2018,'Scientific Reports'),('doi:10.1088/1757899X/558/1/012043','33_HEC','https://www.researchgate.net/publication/334023493_Synthesis_and_study_of_highentropy_ceramics_based_on_the_carbides_of_refractory_metals',2019,'IOP Conference Series Materials Science and Engineering'),('DOI:10.1111/jace.17332','58_HEC_PK','https://www.researchgate.net/publication/342495143_Synthesis_of_rare_earth_containing_singlephase_multicomponent_metal_carbides_via_liquid_polymer_precursor_route',2020,'Journal of American Ceramic Society '),('DOI:10.1111/jace.17443','56_HEC_PK','https://www.researchgate.net/publication/344040435_Strength_of_singlephase_highentropy_carbide_ceramics_up_to_2300C',2020,'Journal of the American Ceramic Society'),('DOI:10.1126/science.aan5412','36_HEC_PK','https://www.researchgate.net/publication/324096320_Carbothermal_shock_synthesis_of_highentropyalloy_nanoparticles',2018,'Science'),('DOI:10.3103/S1063457617030030','31_HEC','https://www.researchgate.net/publication/317817518_Production_and_mechanical_properties_of_highentropic_carbide_based_on_the_TiZrHfVNbTa_multicomponent_alloy',2017,'Journal of Superhard Materials'),('https://doi.org/10.1016/j.jeurceramsoc.2021.03.053','32_HEC','https://www.sciencedirect.com/science/article/abs/pii/S0955221921002144',2020,'Journal of the European Ceramic Society');
/*!40000 ALTER TABLE `bibliography` ENABLE KEYS */;
UNLOCK TABLES;

--
-- Table structure for table `countries`
--

DROP TABLE IF EXISTS `countries`;
/*!40101 SET @saved_cs_client     = @@character_set_client */;
/*!50503 SET character_set_client = utf8mb4 */;
CREATE TABLE `countries` (
  `DOI` varchar(500) NOT NULL COMMENT 'DOI',
  `COUNTRY` varchar(500) NOT NULL COMMENT 'Страна публикации',
  PRIMARY KEY (`COUNTRY`,`DOI`),
  KEY `COUNTRY` (`COUNTRY`),
  KEY `DOI` (`DOI`),
  CONSTRAINT `BIB_CON` FOREIGN KEY (`DOI`) REFERENCES `bibliography` (`DOI`) ON DELETE CASCADE ON UPDATE CASCADE
) ENGINE=InnoDB DEFAULT CHARSET=utf8mb3;
/*!40101 SET character_set_client = @saved_cs_client */;

--
-- Dumping data for table `countries`
--

LOCK TABLES `countries` WRITE;
/*!40000 ALTER TABLE `countries` DISABLE KEYS */;
INSERT INTO `countries` VALUES ('DOI: 10.1111/jace.16295','  US'),('DOI:10.1016/j.jeurceramsoc.2019.12.011',' CH'),('DOI:10.1016/j.scriptamat.2021.114091',' CZ'),('DOI:10.1016/j.jmst.2020.02.049',' DE'),('DOI:10.1016/j.ijrmhm.2018.12.011',' ES'),('DOI: 10.1016/j.ijrmhm.2021.105646',' HU'),('DOI:10.1016/j.jeurceramsoc.2020.04.023',' HU'),('DOI:10.1016/j.jeurceramsoc.2021.05.002',' HU'),('DOI:10.1016/j.jeurceramsoc.2019.12.011',' IT'),('DOI:10.1016/j.scriptamat.2021.114091',' IT'),('DOI: 10.1016/j.ijrmhm.2021.105646',' PL'),('DOI:10.1016/j.matdes.2021.109634',' RU'),('DOI: 10.1016/j.ijrmhm.2021.105646',' UK'),('DOI:10.1016/j.jeurceramsoc.2020.04.023',' UK'),('DOI:10.1016/j.actamat.2018.12.054',' US'),('DOI:10.1016/j.jallcom.2018.05.180',' US'),('DOI:10.1016/j.matdes.2021.109634',' US'),('DOI: 10.1016/j.mtla.2019.100540','AU'),('DOI:10.1016/j.ijrmhm.2022.105914','BE'),('doi14htms60945','CH'),('DOI: 10.1016/j.jeurceramsoc.2020.12.043','CH'),('DOI: 10.1016/j.scriptamat.2021.113909','CH'),('DOI: 10.1111/jace.16295','CH'),('DOI:10.1016/j.actamat.2018.12.054','CH'),('DOI:10.1016/j.actamat.2019.03.021','CH'),('DOI:10.1016/j.ceramint.2018.08.100','CH'),('DOI:10.1016/j.ceramint.2019.07.244','CH'),('DOI:10.1016/j.ceramint.2020.11.096','CH'),('DOI:10.1016/j.ceramint.2021.02.013','CH'),('DOI:10.1016/j.ceramint.2021.02.264','CH'),('DOI:10.1016/j.ceramint.2021.12.038','CH'),('DOI:10.1016/j.ceramint.2022.02.135','CH'),('DOI:10.1016/j.ceramint.2022.07.036','CH'),('DOI:10.1016/j.compositesb.2021.108681','CH'),('DOI:10.1016/j.corsci.2019.04.001','CH'),('DOI:10.1016/j.corsci.2021.109359','CH'),('DOI:10.1016/j.ijrmhm.2021.105567','CH'),('DOI:10.1016/j.ijrmhm.2022.105859','CH'),('DOI:10.1016/j.ijrmhm.2023.106114','CH'),('DOI:10.1016/j.jallcom.2019.152523','CH'),('DOI:10.1016/j.jeurceramsoc.2019.04.006','CH'),('DOI:10.1016/j.jeurceramsoc.2019.12.034','CH'),('DOI:10.1016/j.jeurceramsoc.2020.03.020','CH'),('DOI:10.1016/j.jeurceramsoc.2021.01.048','CH'),('DOI:10.1016/j.jeurceramsoc.2021.03.053','CH'),('DOI:10.1016/j.jeurceramsoc.2021.08.037','CH'),('DOI:10.1016/j.jeurceramsoc.2021.12.058','CH'),('DOI:10.1016/j.jeurceramsoc.2022.03.054','CH'),('DOI:10.1016/j.jeurceramsoc.2022.08.025','CH'),('DOI:10.1016/j.jeurceramsoc.2023.01.017','CH'),('DOI:10.1016/j.jmrt.2023.01.053','CH'),('DOI:10.1016/j.jmst.2019.04.006','CH'),('DOI:10.1016/j.jmst.2019.07.056','CH'),('DOI:10.1016/j.jmst.2020.02.049','CH'),('DOI:10.1016/j.jmst.2020.10.016','CH'),('DOI:10.1016/j.jmst.2021.12.063','CH'),('DOI:10.1016/j.msea.2020.140520','CH'),('DOI:10.1016/j.physb.2018.09.014','CH'),('DOI:10.1016/j.triboint.2021.106883','CH'),('DOI:10.1111/jace.17332','CH'),('https://doi.org/10.1016/j.jeurceramsoc.2021.03.053','CH'),('DOI:10.1016/j.ceramint.2020.05.240','ES'),('DOI:10.1016/j.ijrmhm.2018.12.011','IR'),('DOI:10.1016/j.jmst.2020.12.015','JP'),('DOI:10.1016/j.oceram.2020.100015','JP'),('DOI:10.1016/j.scriptamat.2019.01.024','JP'),('DOI:10.1016/j.ceramint.2018.07.149','KR'),('DOI:10.1016/j.jallcom.2018.05.180','KR'),('DOI: 10.1016/j.ceramint.2019.01.238','ÑÍ'),('DOI:10.1016/j.jallcom.2019.02.254','ÑÍ'),('DOI:10.1016/j.jallcom.2019.03.403','ÑÍ'),('DOI: 10.1016/j.commatsci.2021.110869','RU'),('DOI:10.1016/j.ceramint.2021.08.158','RU'),('DOI:10.1016/j.jeurceramsoc.2021.07.012','RU'),('DOI:10.1016/j.matlet.2021.131363','RU'),('DOI:10.1016/j.mencom.2022.11.037','RU'),('DOI:10.1016/j.matdes.2018.03.068','SE'),('DOI:10.1016/j.matdes.2021.109634','SE'),('DOI: 10.1016/j.ijrmhm.2021.105646','SK'),('DOI:10.1016/j.jeurceramsoc.2020.04.023','SK'),('DOI:10.1016/j.jeurceramsoc.2021.05.002','SK'),('DOI: 10.1016/j.ceramint.2019.07.195','SP'),('DOI:10.1016/j.jeurceramsoc.2018.05.006','SR'),('DOI:10.1016/j.ceramint.2021.11.317','TR'),('DOI:10.1016/j.matchemphys.2021.124741','TW'),('DOI:10.3103/S1063457617030030','UA'),('DOI:10.1016/j.jeurceramsoc.2019.12.011','UK'),('DOI:10.1016/j.scriptamat.2020.10.038','UK'),('DOI:10.1016/j.scriptamat.2021.114091','UK'),('DOI: 10.1016/j.actamat.2020.06.011','US'),('DOI:10.1016/j.actamat.2018.12.054','US'),('DOI:10.1016/j.actamat.2018.12.060','US'),('DOI:10.1016/j.actamat.2019.03.021','US'),('DOI:10.1016/j.actamat.2020.06.005','US'),('DOI:10.1016/j.ceramint.2020.04.230','US'),('DOI:10.1016/j.scriptamat.2018.10.049','US'),('DOI:10.1016/j.scriptamat.2019.05.039','US'),('DOI:10.1111/jace.17443','US'),('DOI:10.1126/science.aan5412','US'),('DOI:10.1016/j.actamat.2021.117051','USA'),('DOI:10.1016/j.jeurceramsoc.2021.05.010','USA');
/*!40000 ALTER TABLE `countries` ENABLE KEYS */;
UNLOCK TABLES;

--
-- Table structure for table `ingredients`
--

DROP TABLE IF EXISTS `ingredients`;
/*!40101 SET @saved_cs_client     = @@character_set_client */;
/*!50503 SET character_set_client = utf8mb4 */;
CREATE TABLE `ingredients` (
  `PRODUCT_ID` int NOT NULL COMMENT 'ID в базе данных',
  `INGREDIENT` varchar(500) NOT NULL COMMENT 'Ингридиент синтеза',
  PRIMARY KEY (`PRODUCT_ID`,`INGREDIENT`),
  KEY `PRODUCT_ID` (`PRODUCT_ID`),
  KEY `INGREDIENT` (`INGREDIENT`),
  CONSTRAINT `PROD_ING` FOREIGN KEY (`PRODUCT_ID`) REFERENCES `synthesis_product` (`PRODUCT_ID`) ON DELETE CASCADE ON UPDATE CASCADE
) ENGINE=InnoDB DEFAULT CHARSET=utf8mb3;
/*!40101 SET character_set_client = @saved_cs_client */;

--
-- Dumping data for table `ingredients`
--

LOCK TABLES `ingredients` WRITE;
/*!40000 ALTER TABLE `ingredients` DISABLE KEYS */;
INSERT INTO `ingredients` VALUES (1,' Hf'),(1,' V and Nb powders'),(1,' Zr'),(1,'Ti'),(2,'metal carbides'),(3,'metal carbides'),(4,'metal carbides'),(5,'metal carbides'),(6,' C'),(6,' Nb'),(6,' Ta'),(6,' Zr'),(6,'Ti'),(6,'W'),(7,'metal carbides'),(8,'metal oxides'),(9,'metal carbides'),(10,'metal carbides'),(11,'metal carbides'),(12,'metal carbides'),(13,'metal carbides'),(14,'metal carbides'),(15,'metal carbides'),(16,'metal carbides'),(17,'metal carbides'),(18,'metal carbides'),(19,'metal carbides'),(20,'metal carbides'),(21,'metal oxides'),(22,'-'),(23,'metal oxides'),(24,'metal chlorides'),(25,'metal carbides powders'),(26,'metal carbides powders'),(27,'metal carbides powders'),(28,'metal carbides powders'),(29,'metal carbides powders'),(30,'metal carbides powders'),(31,'metal carbides powders'),(32,'metal carbides powders'),(33,'metal carbides powders'),(34,'metal carbides powders'),(35,'metal carbides powders'),(36,'metal carbides powders'),(37,'metal carbides powders'),(38,'-'),(39,'-'),(40,'metal carbides powders'),(41,'metal carbides powders'),(42,'metal carbides powders'),(43,'metal carbides particles'),(44,'metal carbides particles'),(45,'metal carbides particles'),(46,'metal powders and graphite'),(47,'metal powders and graphite'),(48,'metal oxides and carbon black'),(49,'metal oxides and carbon black'),(50,'metal oxides and carbon black'),(51,'HEC thin films'),(52,'metal carbides powders'),(53,'metal carbides powders'),(54,'metal carbides powders'),(55,'metal carbides powders'),(56,'metal carbides powders'),(57,'metal carbides powders'),(58,'metal carbides powders'),(59,'metal carbides powders'),(60,'metal carbides powders'),(61,'metal carbides'),(62,'metal carbides'),(63,'metal carbides'),(64,'metal carbides'),(65,'metal carbides'),(66,'metal carbides'),(67,'metal carbides'),(68,'metals and TaC'),(69,'metal oxides'),(70,'metal oxides'),(71,'metal oxides'),(72,'metal oxides'),(73,'None'),(74,'None'),(75,'None'),(76,'metal carbides powders'),(77,'metal carbides powders'),(78,'metal carbides powders'),(79,'metal carbides powders'),(80,'metal carbides powders'),(81,'metal carbides powders'),(82,'metal carbides powders'),(83,'-'),(84,'-'),(85,'-'),(86,'-'),(87,'-'),(88,'-'),(89,'-'),(90,'-'),(91,'-'),(92,'-'),(93,'-'),(94,'-'),(95,'-'),(96,'-'),(97,'-'),(98,'-'),(99,'-'),(100,'-'),(101,'-'),(102,'-'),(103,'-'),(104,'-'),(105,'-'),(106,'-'),(107,'-'),(108,'-'),(109,'-'),(110,'-'),(111,'-'),(112,'-'),(113,'-'),(114,'-'),(115,'-'),(116,'-'),(117,'-'),(118,'-'),(119,'-'),(120,'-'),(121,'-'),(122,'-'),(123,'-'),(124,'-'),(125,'-'),(126,'-'),(127,'-'),(128,'-'),(129,'-'),(130,'-'),(131,'-'),(132,'-'),(133,'-'),(134,'-'),(135,'-'),(136,'-'),(137,'-'),(138,'-'),(139,'-'),(140,'-'),(141,'-'),(142,'-'),(143,'-'),(144,'-'),(145,'-'),(146,'-'),(147,' Au'),(147,' Co'),(147,' Cu'),(147,' Fe'),(147,' Ni'),(147,' or Sn)'),(147,' Pd'),(147,'metal salt precursors MClxHy (M is Pt'),(148,' Au'),(148,' Co'),(148,' Cu'),(148,' Fe'),(148,' Ni'),(148,' or Sn)'),(148,' Pd'),(148,'metal salt precursors MClxHy (M is Pt'),(149,' Au'),(149,' Co'),(149,' Cu'),(149,' Fe'),(149,' Ni'),(149,' or Sn)'),(149,' Pd'),(149,'metal salt precursors MClxHy (M is Pt'),(150,' Au'),(150,' Co'),(150,' Cu'),(150,' Fe'),(150,' Ni'),(150,' or Sn)'),(150,' Pd'),(150,'metal salt precursors MClxHy (M is Pt'),(151,' Au'),(151,' Co'),(151,' Cu'),(151,' Fe'),(151,' Ni'),(151,' or Sn)'),(151,' Pd'),(151,'metal salt precursors MClxHy (M is Pt'),(152,' Au'),(152,' Co'),(152,' Cu'),(152,' Fe'),(152,' Ni'),(152,' or Sn)'),(152,' Pd'),(152,'metal salt precursors MClxHy (M is Pt'),(153,' Au'),(153,' Co'),(153,' Cu'),(153,' Fe'),(153,' Ni'),(153,' or Sn)'),(153,' Pd'),(153,'metal salt precursors MClxHy (M is Pt'),(154,' Au'),(154,' Co'),(154,' Cu'),(154,' Fe'),(154,' Ni'),(154,' or Sn)'),(154,' Pd'),(154,'metal salt precursors MClxHy (M is Pt'),(155,' Au'),(155,' Co'),(155,' Cu'),(155,' Fe'),(155,' Ni'),(155,' or Sn)'),(155,' Pd'),(155,'metal salt precursors MClxHy (M is Pt'),(156,' Au'),(156,' Co'),(156,' Cu'),(156,' Fe'),(156,' Ni'),(156,' or Sn)'),(156,' Pd'),(156,'metal salt precursors MClxHy (M is Pt'),(157,' Au'),(157,' Co'),(157,' Cu'),(157,' Fe'),(157,' Ni'),(157,' or Sn)'),(157,' Pd'),(157,'metal salt precursors MClxHy (M is Pt'),(158,' Au'),(158,' Co'),(158,' Cu'),(158,' Fe'),(158,' Ni'),(158,' or Sn)'),(158,' Pd'),(158,'metal salt precursors MClxHy (M is Pt'),(159,' Au'),(159,' Co'),(159,' Cu'),(159,' Fe'),(159,' Ni'),(159,' or Sn)'),(159,' Pd'),(159,'metal salt precursors MClxHy (M is Pt'),(160,'metal powders'),(161,'metal powders'),(162,'oxcide powders and graphite'),(163,'2TiC-Zr-ZrC-2HfH2-3.2FeS powders'),(164,'metal carbides powders'),(165,'metal carbides powders'),(166,'metal carbides powders'),(167,'metal carbides powders'),(168,' TiNi-20Nb eutectic alloy'),(168,'HEC'),(169,' TiNi-20Nb eutectic alloy'),(169,'HEC'),(170,' TiNi-20Nb eutectic alloy'),(170,'HEC'),(171,' graphite'),(171,'ZrNbHfTa foil'),(172,' graphite'),(172,'ZrNbHfTa foil'),(173,' graphite'),(173,'ZrNbHfTa foil'),(174,' graphite'),(174,'ZrNbHfTa foil'),(175,' graphite'),(175,'ZrNbHfTa foil'),(176,' Ta/W and C targets'),(176,' Ti/Cr'),(176,'close to equimolar metals: Nb'),(177,' Ta/W and C targets'),(177,' Ti/Cr'),(177,'close to equimolar metals: Nb'),(178,' Ta/W and C targets'),(178,' Ti/Cr'),(178,'close to equimolar metals: Nb'),(179,' Ta/W and C targets'),(179,' Ti/Cr'),(179,'close to equimolar metals: Nb'),(180,' Ta/W-rich metals and C targets'),(180,' Ti/Cr'),(180,'Nb'),(181,' Ta/W-rich metals and C targets'),(181,' Ti/Cr'),(181,'Nb'),(182,' Ta/W-rich metals and C targets'),(182,' Ti/Cr'),(182,'Nb'),(183,' Ta/W-rich metals and C targets'),(183,' Ti/Cr'),(183,'Nb'),(184,' Ta/W metals and C targets'),(184,' Ti/Cr'),(184,'Nb-rich'),(185,'metal carbides powders'),(186,'metal carbides powders'),(187,'metal carbides powders'),(188,'metal carbides powders'),(189,'metal carbides powders'),(190,'metal carbides powders'),(191,'metal carbides powders'),(192,'metal carbides powders'),(193,'metal carbides powders'),(194,'metal carbides powders'),(195,'metal carbides powders'),(196,'metal carbides powders'),(197,'metal carbides powders'),(198,'metal wires'),(199,'metal wires'),(200,'metal wires'),(201,'metal wires'),(202,'metal wires'),(203,'metal wires'),(204,'metal carbides powders'),(205,'-'),(206,'-'),(207,'-'),(208,' Mo2C'),(208,' WC'),(208,'carbide powders TiC0.4'),(209,' Mo2C'),(209,' WC'),(209,'carbide powders TiC0.4'),(210,' Mo2C'),(210,' WC'),(210,'carbide powders TiC0.4'),(211,'metal powders'),(212,'TiZrHfNbTa and carbon black'),(213,'metal monocarbides'),(214,'metal monocarbides'),(215,'metal monocarbides'),(216,'metal monocarbides'),(217,'metal monocarbides'),(218,'metal monocarbides'),(219,'metal monocarbides'),(220,'metal monocarbides'),(221,'metal monocarbides'),(222,'metal monocarbides'),(223,'metal monocarbides'),(224,'metal monocarbides'),(225,'metal monocarbides'),(226,'metal monocarbides'),(227,'metal monocarbides'),(228,'metal monocarbides'),(229,'metal monocarbides'),(230,'metal monocarbides'),(231,'metal monocarbides'),(232,'metal monocarbides'),(233,'metal monocarbides'),(234,'metal monocarbides'),(235,'metal monocarbides'),(236,'metal monocarbides'),(237,'metal monocarbides'),(238,'metal monocarbides'),(239,' graphite'),(239,'metal powders'),(240,' graphite'),(240,'metal powders'),(241,' graphite'),(241,'metal powders'),(242,' graphite'),(242,'metal powders'),(243,' graphite'),(243,'metal powders'),(244,' graphite'),(244,'metal powders'),(245,' graphite'),(245,'metal powders'),(246,' graphite'),(246,'metal powders'),(247,' graphite'),(247,'metal powders'),(248,' graphite'),(248,'metal powders'),(249,' graphite'),(249,'metal powders'),(250,' graphite'),(250,'metal powders'),(251,' graphite'),(251,'metal powders'),(252,' graphite'),(252,'metal powders'),(253,' graphite'),(253,'metal powders'),(254,'pure metallic strips'),(255,'pure metallic strips'),(256,'pure metallic strips'),(257,'pure metallic strips'),(258,'pure metallic strips'),(259,'pure metallic strips'),(260,'pure metallic strips'),(261,'pure metallic strips'),(262,'pure metallic strips'),(263,'pure metallic strips'),(264,'pure metallic strips'),(265,'pure metallic strips'),(266,'high-purity raw powders'),(267,'binary carbides'),(268,'binary carbides'),(269,'binary carbides'),(270,'binary carbides'),(271,'metal powders and graphite'),(272,' Mo'),(272,' Nb'),(272,' TaC powders'),(272,' W'),(272,'Re'),(273,'oxides and carbon black'),(274,'metal oxides'),(275,' graphite'),(275,'metal oxides'),(276,' graphite'),(276,'metal oxides'),(277,' graphite'),(277,'metal oxides'),(278,' graphite'),(278,'metal oxides'),(279,' graphite'),(279,'metal oxides'),(280,' graphite'),(280,'metal oxides'),(281,' graphite'),(281,'metal oxides'),(282,' graphite'),(282,'metal oxides'),(283,'metals'),(284,'metals'),(285,'metals'),(286,'metals'),(287,'metals'),(288,'metals'),(289,' graphite'),(289,' magnesium'),(289,'pentoxides'),(290,' graphite'),(290,' magnesium'),(290,'pentoxides'),(291,' graphite'),(291,' magnesium'),(291,'pentoxides'),(292,'metal powders'),(293,'metal powders'),(294,'high purity elements'),(295,'high purity elements'),(296,'high purity elements'),(297,' graphite'),(297,'metal oxides'),(298,' graphite'),(298,'metal oxides'),(299,' HfC'),(299,'(Hf(1?x)Tax)C'),(300,' HfC'),(300,'(Hf(1?x)Tax)C'),(301,' HfC'),(301,'(Hf(1?x)Tax)C'),(302,' graphitic carbon'),(302,'carbide powders'),(303,'carbide powders'),(304,' carbon black'),(304,'metal oxides'),(305,'carbide powder'),(306,'metal powders'),(307,'metal powders'),(308,'metal powders'),(309,' graphite'),(309,'metal powders'),(310,' graphite'),(310,'metal powders'),(311,' graphite'),(311,'metal powders'),(312,' graphite'),(312,'metal powders'),(313,' graphite'),(313,'metal powders'),(314,' graphite'),(314,'metal powders'),(315,'carbide powders'),(316,'carbide powders'),(317,'carbide powders'),(318,' graphite powders'),(318,' Mg'),(318,'metal oxides'),(319,' graphite'),(319,'metal powders'),(320,' graphite'),(320,'metal oxides'),(321,' ethanol'),(321,' phenolic resin'),(321,'metal compounds'),(322,' ethanol'),(322,' urea'),(322,'metal compounds'),(323,'metal carbide powders'),(324,'metal carbide powders'),(325,'metal carbide powders'),(326,'metal carbide powders'),(327,'metal carbide powders'),(328,'metal carbide powders'),(329,'metal carbide powders'),(330,'metal carbide powders'),(331,'metal carbide powders'),(332,'metal carbide powders'),(333,'metal carbide powders'),(334,'metal carbide powders'),(335,'HEA powders and carbon'),(336,' graphite'),(336,'metal oxides'),(337,' graphite'),(337,'metal oxides'),(338,' graphite'),(338,'metal oxides'),(339,' graphite'),(339,'metal oxides'),(340,' graphite'),(340,'metal oxides'),(341,' graphite'),(341,'metal oxides'),(342,'metal carbide powders'),(343,'metal carbide powders'),(344,'metal carbide powders'),(345,'metal carbide powders'),(346,' Titanium n-propoxide'),(346,' Zirconium n-propoxide'),(346,'Metal chlorides'),(347,' Titanium n-propoxide'),(347,' Zirconium n-propoxide'),(347,'Metal chlorides'),(348,' Titanium n-propoxide'),(348,' Zirconium n-propoxide'),(348,'Metal chlorides'),(349,' Titanium n-propoxide'),(349,' Zirconium n-propoxide'),(349,'Metal chlorides'),(350,' Titanium n-propoxide'),(350,' Zirconium n-propoxide'),(350,'Metal chlorides'),(351,' graphite'),(351,'metal powders'),(352,' graphite'),(352,'metal carbide powders'),(353,' graphite'),(353,'metal carbide powders'),(354,' graphite'),(354,'metal carbide powders'),(355,' graphite'),(355,'metal carbide powders'),(356,' graphite'),(356,'metal carbide powders'),(357,' graphite'),(357,'metal carbide powders'),(358,' graphite'),(358,'metal carbide powders'),(359,' Ca'),(359,' graphite'),(359,'metal oxides'),(360,' Ca'),(360,' graphite'),(360,'metal oxides'),(361,' Ca'),(361,' graphite'),(361,'metal oxides'),(362,' Ca'),(362,' graphite'),(362,'metal oxides'),(363,' Ca'),(363,' graphite'),(363,'metal oxides'),(364,' Ca'),(364,' graphite'),(364,'metal oxides'),(365,' Ca'),(365,' graphite'),(365,'metal oxides'),(366,' Ca'),(366,' graphite'),(366,'metal oxides'),(367,' Nb'),(367,'metal carbide powders'),(368,' Nb'),(368,'metal carbide powders'),(369,' Nb'),(369,'metal carbide powders'),(370,' SiC'),(370,'metal oxides'),(371,' CH4'),(371,'HfNbTaTiZr alloy target'),(372,' graphite'),(372,' MoO3'),(372,'metal powders'),(373,'metal carbide powders'),(374,' graphite'),(374,'metal powders'),(375,'metal carbide powders'),(376,'metal carbide powders'),(377,'metal carbide powders'),(378,'metal carbide powders'),(379,'metal carbide powders'),(380,' graphite'),(380,'metal powders'),(381,' C6H15N'),(381,' CH3(CH2)3OH'),(381,'C5H8O2'),(381,'metal chlorides'),(382,' C6H15N'),(382,' CH3(CH2)3OH'),(382,'C5H8O2'),(382,'metal chlorides'),(383,' C6H15N'),(383,' CH3(CH2)3OH'),(383,'C5H8O2'),(383,'metal chlorides'),(384,' C6H15N'),(384,' CH3(CH2)3OH'),(384,'C5H8O2'),(384,'metal chlorides'),(385,' C6H15N'),(385,' CH3(CH2)3OH'),(385,'C5H8O2'),(385,'metal chlorides'),(386,'metal carbide powders'),(387,'metal carbide powders'),(388,'metal carbide powders'),(389,'metal carbide powders'),(390,'metal carbide powders');
/*!40000 ALTER TABLE `ingredients` ENABLE KEYS */;
UNLOCK TABLES;

--
-- Table structure for table `key_word`
--

DROP TABLE IF EXISTS `key_word`;
/*!40101 SET @saved_cs_client     = @@character_set_client */;
/*!50503 SET character_set_client = utf8mb4 */;
CREATE TABLE `key_word` (
  `DOI` varchar(500) NOT NULL COMMENT 'DOI',
  `WORD` varchar(500) NOT NULL COMMENT 'Ключевое слово',
  PRIMARY KEY (`DOI`,`WORD`),
  CONSTRAINT `BIB_WORD` FOREIGN KEY (`DOI`) REFERENCES `bibliography` (`DOI`) ON DELETE CASCADE ON UPDATE CASCADE
) ENGINE=InnoDB DEFAULT CHARSET=utf8mb3;
/*!40101 SET character_set_client = @saved_cs_client */;

--
-- Dumping data for table `key_word`
--

LOCK TABLES `key_word` WRITE;
/*!40000 ALTER TABLE `key_word` DISABLE KEYS */;
INSERT INTO `key_word` VALUES ('',''),('doi14htms60945',''),('doi14htms60945','heat transfer '),('doi14htms60945','highentropy carbide'),('doi14htms60945','powder'),('doi14htms60945','SPS'),('doi14htms60945','ultra high temperarture ceramic'),('DOI: 10.1016/j.actamat.2020.06.011',''),('DOI: 10.1016/j.actamat.2020.06.011','Carbide'),('DOI: 10.1016/j.actamat.2020.06.011','Highentropy ceramics'),('DOI: 10.1016/j.actamat.2020.06.011','Irradiation damage'),('DOI: 10.1016/j.actamat.2020.06.011','Irradiation defects'),('DOI: 10.1016/j.ceramint.2019.01.238',''),('DOI: 10.1016/j.ceramint.2019.01.238','Arc melting'),('DOI: 10.1016/j.ceramint.2019.01.238','Carbides solid solution'),('DOI: 10.1016/j.ceramint.2019.01.238','Rapid cooling'),('DOI: 10.1016/j.ceramint.2019.01.238','ultrahigh temperature ceramics'),('DOI: 10.1016/j.ceramint.2019.07.195','Carbide'),('DOI: 10.1016/j.ceramint.2019.07.195','Ceramic'),('DOI: 10.1016/j.ceramint.2019.07.195','Highentropy alloy'),('DOI: 10.1016/j.ceramint.2019.07.195','Highentropy carbide'),('DOI: 10.1016/j.ceramint.2019.07.195','Mechanical milling'),('DOI: 10.1016/j.ceramint.2019.07.195','Mechanosynthesis'),('DOI: 10.1016/j.ceramint.2020.12.201',''),('DOI: 10.1016/j.ceramint.2020.12.201','Highentropy carbide'),('DOI: 10.1016/j.ceramint.2020.12.201','Outward diffusion'),('DOI: 10.1016/j.ceramint.2020.12.201','Oxidation resistance'),('DOI: 10.1016/j.ceramint.2020.12.201','Titaniumdepleted layer'),('DOI: 10.1016/j.commatsci.2021.110869','Ab initio calculation '),('DOI: 10.1016/j.commatsci.2021.110869','Carbide'),('DOI: 10.1016/j.commatsci.2021.110869','Entropyforming ability'),('DOI: 10.1016/j.commatsci.2021.110869','Highentropy carbide'),('DOI: 10.1016/j.commatsci.2021.110869','Mechanical properties'),('DOI: 10.1016/j.commatsci.2021.110869','Phase stability'),('DOI: 10.1016/j.ijrmhm.2021.105646',''),('DOI: 10.1016/j.ijrmhm.2021.105646','Hardness anisotropy'),('DOI: 10.1016/j.ijrmhm.2021.105646','Highentropy carbide'),('DOI: 10.1016/j.ijrmhm.2021.105646','Nanoindentation'),('DOI: 10.1016/j.ijrmhm.2021.105646','Slip systems'),('DOI: 10.1016/j.jeurceramsoc.2020.12.043',''),('DOI: 10.1016/j.jeurceramsoc.2020.12.043','Active brazing'),('DOI: 10.1016/j.jeurceramsoc.2020.12.043','Highentropy carbide ceramic'),('DOI: 10.1016/j.jeurceramsoc.2020.12.043','Hot pressing'),('DOI: 10.1016/j.jeurceramsoc.2020.12.043','Mechanical properties'),('DOI: 10.1016/j.mtla.2019.100540',''),('DOI: 10.1016/j.mtla.2019.100540','Electron backscatter diffraction'),('DOI: 10.1016/j.mtla.2019.100540','High entropy carbide'),('DOI: 10.1016/j.mtla.2019.100540','Metal matrix composite'),('DOI: 10.1016/j.mtla.2019.100540','Nanoindentation'),('DOI: 10.1016/j.mtla.2019.100540','Steel'),('DOI: 10.1016/j.scriptamat.2021.113909',''),('DOI: 10.1016/j.scriptamat.2021.113909','Carbide'),('DOI: 10.1016/j.scriptamat.2021.113909','Eutectic composite'),('DOI: 10.1016/j.scriptamat.2021.113909','Mechanical properties'),('DOI: 10.1016/j.scriptamat.2021.113909','Refractory highentropy alloys'),('DOI: 10.1038/s41467018071607','EFA'),('DOI: 10.1038/s41467018071607','Energies calculation'),('DOI: 10.1038/s41467018071607','Highentropy carbide'),('DOI: 10.1038/s41467018071607','highhardness metal carbides'),('DOI: 10.1038/s41467018071607','Mechanical properties'),('DOI: 10.1038/s41467018071607','SPS'),('DOI: 10.1111/jace.16295',''),('DOI: 10.1111/jace.16295','electrical resistivity'),('DOI: 10.1111/jace.16295','firstprinciples calculations'),('DOI: 10.1111/jace.16295','highentropy ceramics'),('DOI: 10.1111/jace.16295','mechanical properties'),('DOI: 10.1111/jace.16295','metal carbides'),('DOI:10.1007/s11106023003321',''),('DOI:10.1007/s11106023003321','coefficient of friction'),('DOI:10.1007/s11106023003321','high entropy carbide'),('DOI:10.1007/s11106023003321','silicon carbide'),('DOI:10.1007/s11106023003321','wear resistance'),('DOI:10.1016/j.actamat.2018.12.054',''),('DOI:10.1016/j.actamat.2018.12.054','Carbides '),('DOI:10.1016/j.actamat.2018.12.054','Entropystabilized'),('DOI:10.1016/j.actamat.2018.12.054','Firstprinciples'),('DOI:10.1016/j.actamat.2018.12.054','Hardness'),('DOI:10.1016/j.actamat.2018.12.054','Highentropy alloys'),('DOI:10.1016/j.actamat.2018.12.054','Highentropy carbides'),('DOI:10.1016/j.actamat.2018.12.054','Mechanical properties'),('DOI:10.1016/j.actamat.2018.12.054','Multicomponent'),('DOI:10.1016/j.actamat.2018.12.060',''),('DOI:10.1016/j.actamat.2018.12.060','Carbides '),('DOI:10.1016/j.actamat.2018.12.060','Entropystabilized'),('DOI:10.1016/j.actamat.2018.12.060','Hardness'),('DOI:10.1016/j.actamat.2018.12.060','Highentropy alloys'),('DOI:10.1016/j.actamat.2018.12.060','Multicomponent'),('DOI:10.1016/j.actamat.2019.03.021',''),('DOI:10.1016/j.actamat.2019.03.021','Highentropy ceramics'),('DOI:10.1016/j.actamat.2019.03.021','Mechanical performances'),('DOI:10.1016/j.actamat.2019.03.021','Metal carbides'),('DOI:10.1016/j.actamat.2019.03.021','Thermal physical properties'),('DOI:10.1016/j.actamat.2020.06.005','high entropy carbides'),('DOI:10.1016/j.actamat.2020.06.005','SEM'),('DOI:10.1016/j.actamat.2020.06.005','SPS'),('DOI:10.1016/j.actamat.2020.06.005','sputter deposition'),('DOI:10.1016/j.actamat.2020.06.005','thermal conductivity'),('DOI:10.1016/j.actamat.2020.06.005','XRD'),('DOI:10.1016/j.actamat.2021.117051','Carbon stoichiometry'),('DOI:10.1016/j.actamat.2021.117051','First principle calculation'),('DOI:10.1016/j.actamat.2021.117051','Hardness'),('DOI:10.1016/j.actamat.2021.117051','High entropy carbide'),('DOI:10.1016/j.actamat.2021.117051','Mechanical property'),('DOI:10.1016/j.actamat.2021.117051','Nanoindentation'),('DOI:10.1016/j.ceramint.2018.07.149',''),('DOI:10.1016/j.ceramint.2018.07.149','A. Powders: solid state reaction'),('DOI:10.1016/j.ceramint.2018.07.149','A. Sintering'),('DOI:10.1016/j.ceramint.2018.07.149','D. Carbides'),('DOI:10.1016/j.ceramint.2018.07.149','Solid solution'),('DOI:10.1016/j.ceramint.2018.08.100',''),('DOI:10.1016/j.ceramint.2018.08.100','Carbide'),('DOI:10.1016/j.ceramint.2018.08.100','Composition'),('DOI:10.1016/j.ceramint.2018.08.100','Highentropy '),('DOI:10.1016/j.ceramint.2018.08.100','Microstructure'),('DOI:10.1016/j.ceramint.2018.08.100','Oxidation'),('DOI:10.1016/j.ceramint.2019.07.244',''),('DOI:10.1016/j.ceramint.2019.07.244','Highentropy materials'),('DOI:10.1016/j.ceramint.2019.07.244','Nanopowders'),('DOI:10.1016/j.ceramint.2019.07.244','Precursorderived ceramics'),('DOI:10.1016/j.ceramint.2019.07.244','Transition metal carbide'),('DOI:10.1016/j.ceramint.2020.04.230',''),('DOI:10.1016/j.ceramint.2020.04.230','Highentropy ceramic'),('DOI:10.1016/j.ceramint.2020.05.240','Carbide'),('DOI:10.1016/j.ceramint.2020.05.240','Ceramic'),('DOI:10.1016/j.ceramint.2020.05.240','High Entropy Alloys'),('DOI:10.1016/j.ceramint.2020.05.240','High Entropy Carbide'),('DOI:10.1016/j.ceramint.2020.05.240','Mechanical Milling'),('DOI:10.1016/j.ceramint.2020.05.240','Mechanosynthesis'),('DOI:10.1016/j.ceramint.2020.11.096',''),('DOI:10.1016/j.ceramint.2020.11.096','(Ti, Zr, Hf)2SC'),('DOI:10.1016/j.ceramint.2020.11.096','Characterization'),('DOI:10.1016/j.ceramint.2020.11.096','Mediumentropy MAX phase'),('DOI:10.1016/j.ceramint.2020.11.096','Synthesis'),('DOI:10.1016/j.ceramint.2021.02.013',''),('DOI:10.1016/j.ceramint.2021.02.013','Electronic structure and lattice distortion'),('DOI:10.1016/j.ceramint.2021.02.013','Fracture toughness'),('DOI:10.1016/j.ceramint.2021.02.013','Hardness'),('DOI:10.1016/j.ceramint.2021.02.013','High entropy carbide'),('DOI:10.1016/j.ceramint.2021.02.013','Microstructure'),('DOI:10.1016/j.ceramint.2021.02.264',''),('DOI:10.1016/j.ceramint.2021.02.264','carbides'),('DOI:10.1016/j.ceramint.2021.02.264','grain size'),('DOI:10.1016/j.ceramint.2021.02.264','mechanical properties'),('DOI:10.1016/j.ceramint.2021.02.264','modulus of elasticity'),('DOI:10.1016/j.ceramint.2021.02.264','spark plasma sintering'),('DOI:10.1016/j.ceramint.2021.08.158',''),('DOI:10.1016/j.ceramint.2021.08.158','Highenergy ball milling'),('DOI:10.1016/j.ceramint.2021.08.158','Highentropy carbide (TiTaNbZrHf)‘'),('DOI:10.1016/j.ceramint.2021.08.158','mechanochemical synthesis'),('DOI:10.1016/j.ceramint.2021.08.158','Thermal stability'),('DOI:10.1016/j.ceramint.2021.11.317',''),('DOI:10.1016/j.ceramint.2021.11.317','High entropy carbides'),('DOI:10.1016/j.ceramint.2021.11.317','Mechanical properties'),('DOI:10.1016/j.ceramint.2021.11.317','Microstructurefinal'),('DOI:10.1016/j.ceramint.2021.11.317','Milling'),('DOI:10.1016/j.ceramint.2021.11.317','Sintering'),('DOI:10.1016/j.ceramint.2021.12.038',''),('DOI:10.1016/j.ceramint.2021.12.038','Anion vacancies'),('DOI:10.1016/j.ceramint.2021.12.038','Low sintering temperature'),('DOI:10.1016/j.ceramint.2021.12.038','Mechanical properties'),('DOI:10.1016/j.ceramint.2021.12.038','Nonstoichiometric highentropy carbides'),('DOI:10.1016/j.ceramint.2022.02.135',''),('DOI:10.1016/j.ceramint.2022.02.135','Highentropy carbide ceramics'),('DOI:10.1016/j.ceramint.2022.02.135','Microstructure'),('DOI:10.1016/j.ceramint.2022.02.135','Polymer precursor'),('DOI:10.1016/j.ceramint.2022.02.135','Solid solutions'),('DOI:10.1016/j.ceramint.2022.07.036',''),('DOI:10.1016/j.ceramint.2022.07.036','Highentropy ceramics'),('DOI:10.1016/j.ceramint.2022.07.036','Mechanical properties'),('DOI:10.1016/j.ceramint.2022.07.036','Microstructure'),('DOI:10.1016/j.ceramint.2022.07.036','Oxidation behavior'),('DOI:10.1016/j.ceramint.2022.07.036','Ti(C,N)HECsHEA highEntropy cermets'),('DOI:10.1016/j.compositesb.2021.108681',''),('DOI:10.1016/j.compositesb.2021.108681','Exothermic reaction'),('DOI:10.1016/j.compositesb.2021.108681','High entropy carbides'),('DOI:10.1016/j.compositesb.2021.108681','Insitu synthesis'),('DOI:10.1016/j.compositesb.2021.108681','Interlocking structure'),('DOI:10.1016/j.compositesb.2021.108681','Microstructure'),('DOI:10.1016/j.corsci.2019.04.001',''),('DOI:10.1016/j.corsci.2019.04.001','highentropy ceramics'),('DOI:10.1016/j.corsci.2019.04.001','Oxidation behavior'),('DOI:10.1016/j.corsci.2019.04.001','Parabolic rate law'),('DOI:10.1016/j.corsci.2019.04.001','Solid solutions'),('DOI:10.1016/j.corsci.2019.04.001','Ultrahigh temperature ceramics'),('DOI:10.1016/j.corsci.2021.109359',''),('DOI:10.1016/j.corsci.2021.109359','Ablation resistance'),('DOI:10.1016/j.corsci.2021.109359','Carbonitride'),('DOI:10.1016/j.corsci.2021.109359','Highentropy material'),('DOI:10.1016/j.corsci.2021.109359','Ultrahigh temperature ceramic'),('DOI:10.1016/j.ijrmhm.2018.12.011',''),('DOI:10.1016/j.ijrmhm.2018.12.011','Combustion'),('DOI:10.1016/j.ijrmhm.2018.12.011','Mechanosynthesis'),('DOI:10.1016/j.ijrmhm.2021.105567',''),('DOI:10.1016/j.ijrmhm.2021.105567','Calcium treatment'),('DOI:10.1016/j.ijrmhm.2021.105567','Compound carbide'),('DOI:10.1016/j.ijrmhm.2021.105567','High entropy carbide'),('DOI:10.1016/j.ijrmhm.2022.105859',''),('DOI:10.1016/j.ijrmhm.2022.105859','Highentropy carbide ceramic'),('DOI:10.1016/j.ijrmhm.2022.105859','Mechanical properties'),('DOI:10.1016/j.ijrmhm.2022.105859','Microstructure'),('DOI:10.1016/j.ijrmhm.2022.105859','Vacuum arc melting'),('DOI:10.1016/j.ijrmhm.2022.105914',''),('DOI:10.1016/j.ijrmhm.2022.105914','Cermets'),('DOI:10.1016/j.ijrmhm.2022.105914','High entropy carbides'),('DOI:10.1016/j.ijrmhm.2022.105914','Microstructure'),('DOI:10.1016/j.ijrmhm.2022.105914','Nanoindentation'),('DOI:10.1016/j.ijrmhm.2022.105914','Pressureless sintering'),('DOI:10.1016/j.ijrmhm.2023.106114',''),('DOI:10.1016/j.ijrmhm.2023.106114','Friction and wear'),('DOI:10.1016/j.ijrmhm.2023.106114','Highentropy carbides'),('DOI:10.1016/j.ijrmhm.2023.106114','Microstructure'),('DOI:10.1016/j.ijrmhm.2023.106114','Spark plasma sintering'),('DOI:10.1016/j.jallcom.2018.05.180',''),('DOI:10.1016/j.jallcom.2018.05.180','Highentropy alloys'),('DOI:10.1016/j.jallcom.2018.05.180','Mechanical properties'),('DOI:10.1016/j.jallcom.2018.05.180','Microstructures'),('DOI:10.1016/j.jallcom.2018.05.180','Powder metallurgy'),('DOI:10.1016/j.jallcom.2019.02.254',''),('DOI:10.1016/j.jallcom.2019.02.254','Ab initio calculations'),('DOI:10.1016/j.jallcom.2019.02.254','Highentropy compounds'),('DOI:10.1016/j.jallcom.2019.02.254','Quasiharmonic DebyeGr?neisen model'),('DOI:10.1016/j.jallcom.2019.02.254','Special quasirandom structures'),('DOI:10.1016/j.jallcom.2019.02.254','Thermodynamic properties'),('DOI:10.1016/j.jallcom.2019.03.403',''),('DOI:10.1016/j.jallcom.2019.03.403','Carbides'),('DOI:10.1016/j.jallcom.2019.03.403','Cold rolling'),('DOI:10.1016/j.jallcom.2019.03.403','Highentropy alloy'),('DOI:10.1016/j.jallcom.2019.03.403','Mechanical properties'),('DOI:10.1016/j.jallcom.2019.152523',''),('DOI:10.1016/j.jallcom.2019.152523','Carbides'),('DOI:10.1016/j.jallcom.2019.152523','Highentropy ceramics'),('DOI:10.1016/j.jallcom.2019.152523','Oxidation resistanc'),('DOI:10.1016/j.jallcom.2019.152523','SPS'),('DOI:10.1016/j.jallcom.2019.152523','Water vapor'),('DOI:10.1016/j.jallcom.2023.168737',''),('DOI:10.1016/j.jallcom.2023.168737','Carbides'),('DOI:10.1016/j.jallcom.2023.168737','Highentropy ceramics'),('DOI:10.1016/j.jallcom.2023.168737','Phase evolutions'),('DOI:10.1016/j.jallcom.2023.168737','Polymer derived ceramics'),('DOI:10.1016/j.jeurceramsoc.2018.05.006',''),('DOI:10.1016/j.jeurceramsoc.2018.05.006','Chemical composition'),('DOI:10.1016/j.jeurceramsoc.2018.05.006','Grain boundary'),('DOI:10.1016/j.jeurceramsoc.2018.05.006','Highentropy carbides'),('DOI:10.1016/j.jeurceramsoc.2018.05.006','Microstructure'),('DOI:10.1016/j.jeurceramsoc.2018.05.006','TEM/HRTEM'),('DOI:10.1016/j.jeurceramsoc.2019.04.006',''),('DOI:10.1016/j.jeurceramsoc.2019.04.006','Element distribution'),('DOI:10.1016/j.jeurceramsoc.2019.04.006','High entropy carbide'),('DOI:10.1016/j.jeurceramsoc.2019.04.006','Microstructure'),('DOI:10.1016/j.jeurceramsoc.2019.04.006','Reactive spark plasma sintering'),('DOI:10.1016/j.jeurceramsoc.2019.04.006','Thermodynamics'),('DOI:10.1016/j.jeurceramsoc.2019.12.011',''),('DOI:10.1016/j.jeurceramsoc.2019.12.011','carbide'),('DOI:10.1016/j.jeurceramsoc.2019.12.011','diffusion'),('DOI:10.1016/j.jeurceramsoc.2019.12.011','Highentropy'),('DOI:10.1016/j.jeurceramsoc.2019.12.011','highentropy carbide'),('DOI:10.1016/j.jeurceramsoc.2019.12.011','joining'),('DOI:10.1016/j.jeurceramsoc.2019.12.034',''),('DOI:10.1016/j.jeurceramsoc.2019.12.034','Gradient microstructure'),('DOI:10.1016/j.jeurceramsoc.2019.12.034','Grain growth'),('DOI:10.1016/j.jeurceramsoc.2019.12.034','Hardness'),('DOI:10.1016/j.jeurceramsoc.2019.12.034','Highentropy carbide'),('DOI:10.1016/j.jeurceramsoc.2019.12.034','Highentropy carbide based composites'),('DOI:10.1016/j.jeurceramsoc.2020.03.020',''),('DOI:10.1016/j.jeurceramsoc.2020.03.020','High entropy carbides'),('DOI:10.1016/j.jeurceramsoc.2020.03.020','Phase evolution'),('DOI:10.1016/j.jeurceramsoc.2020.03.020','Reaction synthesis'),('DOI:10.1016/j.jeurceramsoc.2020.04.023',''),('DOI:10.1016/j.jeurceramsoc.2020.04.023','Fracture strength'),('DOI:10.1016/j.jeurceramsoc.2020.04.023','fracture surface'),('DOI:10.1016/j.jeurceramsoc.2020.04.023','fracture toughness'),('DOI:10.1016/j.jeurceramsoc.2020.04.023','highentropy carbide'),('DOI:10.1016/j.jeurceramsoc.2020.04.023','microcantilever bending'),('DOI:10.1016/j.jeurceramsoc.2020.05.040',''),('DOI:10.1016/j.jeurceramsoc.2020.05.040','Carbide'),('DOI:10.1016/j.jeurceramsoc.2020.05.040','Dualphase highentropy ceramics'),('DOI:10.1016/j.jeurceramsoc.2020.05.040','Highentropy ceramics'),('DOI:10.1016/j.jeurceramsoc.2020.05.040','Metal diboride'),('DOI:10.1016/j.jeurceramsoc.2020.05.040','Ultrahigh temperature ceramics'),('DOI:10.1016/j.jeurceramsoc.2021.01.048',''),('DOI:10.1016/j.jeurceramsoc.2021.01.048','Highentropy carbides'),('DOI:10.1016/j.jeurceramsoc.2021.01.048','Mechanical properties'),('DOI:10.1016/j.jeurceramsoc.2021.01.048','Microstructure'),('DOI:10.1016/j.jeurceramsoc.2021.01.048','Solid solution'),('DOI:10.1016/j.jeurceramsoc.2021.01.048','Thermal properties'),('DOI:10.1016/j.jeurceramsoc.2021.03.053',''),('DOI:10.1016/j.jeurceramsoc.2021.03.053','Graphite'),('DOI:10.1016/j.jeurceramsoc.2021.03.053','Highentropy carbide'),('DOI:10.1016/j.jeurceramsoc.2021.03.053','Mechanical property'),('DOI:10.1016/j.jeurceramsoc.2021.03.053','Microstructure'),('DOI:10.1016/j.jeurceramsoc.2021.03.053','Thermal conductivity'),('DOI:10.1016/j.jeurceramsoc.2021.05.002',''),('DOI:10.1016/j.jeurceramsoc.2021.05.002','Hardness'),('DOI:10.1016/j.jeurceramsoc.2021.05.002','High entropy carbide'),('DOI:10.1016/j.jeurceramsoc.2021.05.002','Nanoindentation'),('DOI:10.1016/j.jeurceramsoc.2021.05.002','Tribology'),('DOI:10.1016/j.jeurceramsoc.2021.05.002','Wear'),('DOI:10.1016/j.jeurceramsoc.2021.05.010',''),('DOI:10.1016/j.jeurceramsoc.2021.05.010','Ellingham'),('DOI:10.1016/j.jeurceramsoc.2021.05.010','Machine learning'),('DOI:10.1016/j.jeurceramsoc.2021.05.010','Oxidation characteristics'),('DOI:10.1016/j.jeurceramsoc.2021.05.010','Tunable properties'),('DOI:10.1016/j.jeurceramsoc.2021.05.010','Ultrahighentropy carbide'),('DOI:10.1016/j.jeurceramsoc.2021.07.012',''),('DOI:10.1016/j.jeurceramsoc.2021.07.012','Carbosilicothermic reduction'),('DOI:10.1016/j.jeurceramsoc.2021.07.012','Highentropy carbide ceramicss'),('DOI:10.1016/j.jeurceramsoc.2021.07.012','Hot pressing'),('DOI:10.1016/j.jeurceramsoc.2021.07.012','Sintering'),('DOI:10.1016/j.jeurceramsoc.2021.08.037',''),('DOI:10.1016/j.jeurceramsoc.2021.08.037','Fourmetal compositions'),('DOI:10.1016/j.jeurceramsoc.2021.08.037','High entropy carbides'),('DOI:10.1016/j.jeurceramsoc.2021.08.037','Phase diagram'),('DOI:10.1016/j.jeurceramsoc.2021.08.037','Single phase'),('DOI:10.1016/j.jeurceramsoc.2021.08.037','Threemetal compositions'),('DOI:10.1016/j.jeurceramsoc.2021.12.058',''),('DOI:10.1016/j.jeurceramsoc.2021.12.058','Elastic properties'),('DOI:10.1016/j.jeurceramsoc.2021.12.058','Firstprinciples calculation'),('DOI:10.1016/j.jeurceramsoc.2021.12.058','Highentropy carbide'),('DOI:10.1016/j.jeurceramsoc.2021.12.058','Singlephase formation'),('DOI:10.1016/j.jeurceramsoc.2022.03.054',''),('DOI:10.1016/j.jeurceramsoc.2022.03.054','Highentropy carbides'),('DOI:10.1016/j.jeurceramsoc.2022.03.054','Mechanical properties'),('DOI:10.1016/j.jeurceramsoc.2022.03.054','Ultrafast hightemperature sintering'),('DOI:10.1016/j.jeurceramsoc.2022.08.025',''),('DOI:10.1016/j.jeurceramsoc.2022.08.025','Highentropy carbide powders'),('DOI:10.1016/j.jeurceramsoc.2022.08.025','Magnesiothermic reduction'),('DOI:10.1016/j.jeurceramsoc.2022.08.025','Singlephase'),('DOI:10.1016/j.jeurceramsoc.2022.08.025','Synthesis'),('DOI:10.1016/j.jeurceramsoc.2023.01.017',''),('DOI:10.1016/j.jeurceramsoc.2023.01.017','Ablation mechanism'),('DOI:10.1016/j.jeurceramsoc.2023.01.017','Highentropy carbides ceramics'),('DOI:10.1016/j.jeurceramsoc.2023.01.017','Microstructure analysis'),('DOI:10.1016/j.jeurceramsoc.2023.01.017','Oxyacetylene ablation'),('DOI:10.1016/j.jmrt.2023.01.053',''),('DOI:10.1016/j.jmrt.2023.01.053','Carbides'),('DOI:10.1016/j.jmrt.2023.01.053','Electrical properties'),('DOI:10.1016/j.jmrt.2023.01.053','Electrocatalysis'),('DOI:10.1016/j.jmrt.2023.01.053','Grain conductivity'),('DOI:10.1016/j.jmrt.2023.01.053','Highentropy ceramics'),('DOI:10.1016/j.jmst.2019.04.006',''),('DOI:10.1016/j.jmst.2019.04.006','(Zr0.2Hf0.2Ti0.2 Nb0.2Ta0.2)C'),('DOI:10.1016/j.jmst.2019.04.006','High entropy ceramics'),('DOI:10.1016/j.jmst.2019.04.006','Porosity'),('DOI:10.1016/j.jmst.2019.04.006','Thermal conductivity'),('DOI:10.1016/j.jmst.2019.04.006','Ultrahigh temperature ceramics (UHTCs)'),('DOI:10.1016/j.jmst.2019.07.056',''),('DOI:10.1016/j.jmst.2019.07.056','(TiZrNbTaMo)C'),('DOI:10.1016/j.jmst.2019.07.056','Enhanced hardness'),('DOI:10.1016/j.jmst.2019.07.056','Highentropy ceramic'),('DOI:10.1016/j.jmst.2019.07.056','Microstructure'),('DOI:10.1016/j.jmst.2020.02.049',''),('DOI:10.1016/j.jmst.2020.02.049','Anion vacancies'),('DOI:10.1016/j.jmst.2020.02.049','Mediumentropy carbide'),('DOI:10.1016/j.jmst.2020.02.049','Solid solution strengthening'),('DOI:10.1016/j.jmst.2020.10.016','Crystal field theory'),('DOI:10.1016/j.jmst.2020.10.016','Electromagnetic parameters'),('DOI:10.1016/j.jmst.2020.10.016','Electronic structure'),('DOI:10.1016/j.jmst.2020.10.016','High entropy ceramics'),('DOI:10.1016/j.jmst.2020.10.016','Microwave absorption'),('DOI:10.1016/j.jmst.2020.10.016','Transition metal carbides'),('DOI:10.1016/j.jmst.2020.12.015',''),('DOI:10.1016/j.jmst.2020.12.015','Composite'),('DOI:10.1016/j.jmst.2020.12.015','Eutectic structure'),('DOI:10.1016/j.jmst.2020.12.015','Highentropy alloy'),('DOI:10.1016/j.jmst.2020.12.015','Strength'),('DOI:10.1016/j.jmst.2020.12.015','Strengthening mechanism'),('DOI:10.1016/j.jmst.2021.12.063',''),('DOI:10.1016/j.jmst.2021.12.063','Carbon stoichiometry'),('DOI:10.1016/j.jmst.2021.12.063','Highentropy ceramics'),('DOI:10.1016/j.jmst.2021.12.063','Low temperature synthesis'),('DOI:10.1016/j.jmst.2021.12.063','Transition metal carbide'),('DOI:10.1016/j.jmst.2021.12.063','Tunable mechanical properties'),('DOI:10.1016/j.matchemphys.2021.124741',''),('DOI:10.1016/j.matchemphys.2021.124741','Anticorrosion'),('DOI:10.1016/j.matchemphys.2021.124741','Antiglass sticking'),('DOI:10.1016/j.matchemphys.2021.124741','High entropy alloy'),('DOI:10.1016/j.matchemphys.2021.124741','Tribology '),('DOI:10.1016/j.matdes.2018.03.068','CrNbTaTiW'),('DOI:10.1016/j.matdes.2018.03.068','Epitaxial'),('DOI:10.1016/j.matdes.2018.03.068','Hardness'),('DOI:10.1016/j.matdes.2018.03.068','High entropy alloys'),('DOI:10.1016/j.matdes.2018.03.068','Multicomponent carbides'),('DOI:10.1016/j.matdes.2018.03.068','Sputtering'),('DOI:10.1016/j.matdes.2021.109634',''),('DOI:10.1016/j.matdes.2021.109634','Ab initio molecular dynamics'),('DOI:10.1016/j.matdes.2021.109634','Elastic properties'),('DOI:10.1016/j.matdes.2021.109634','Refractory ceramics'),('DOI:10.1016/j.matdes.2021.109634','Temperature effects'),('DOI:10.1016/j.matlet.2021.131363',''),('DOI:10.1016/j.matlet.2021.131363','Carbides'),('DOI:10.1016/j.matlet.2021.131363','Highentropy ceramics'),('DOI:10.1016/j.matlet.2021.131363','Mechanical alloying'),('DOI:10.1016/j.matlet.2021.131363','Spark plasma sintering'),('DOI:10.1016/j.mencom.2022.11.037',''),('DOI:10.1016/j.mencom.2022.11.037','borides'),('DOI:10.1016/j.mencom.2022.11.037','carbides'),('DOI:10.1016/j.mencom.2022.11.037','highenergy shockwave treatment'),('DOI:10.1016/j.mencom.2022.11.037','highentropy ceramics'),('DOI:10.1016/j.mencom.2022.11.037','solid solutions'),('DOI:10.1016/j.msea.2020.140520',''),('DOI:10.1016/j.msea.2020.140520','High entropy carbides'),('DOI:10.1016/j.msea.2020.140520','Mechanical properties'),('DOI:10.1016/j.msea.2020.140520','Microstructure'),('DOI:10.1016/j.msea.2020.140520','Reaction synthesis'),('DOI:10.1016/j.msea.2020.140520','Thermal properties'),('DOI:10.1016/j.oceram.2020.100015',''),('DOI:10.1016/j.oceram.2020.100015','Flexural strength'),('DOI:10.1016/j.oceram.2020.100015','Highentropy ceramics'),('DOI:10.1016/j.oceram.2020.100015','Hightemperature materials'),('DOI:10.1016/j.oceram.2020.100015','Mediumentropy ceramics'),('DOI:10.1016/j.oceram.2020.100015','Transition metal carbides'),('DOI:10.1016/j.physb.2018.09.014',''),('DOI:10.1016/j.physb.2018.09.014','Density functional calculation'),('DOI:10.1016/j.physb.2018.09.014','High pressure'),('DOI:10.1016/j.physb.2018.09.014','Highentropy carbides'),('DOI:10.1016/j.physb.2018.09.014','Mechanical properties'),('DOI:10.1016/j.scriptamat.2018.10.049',''),('DOI:10.1016/j.scriptamat.2018.10.049','Carbothermal reduction'),('DOI:10.1016/j.scriptamat.2018.10.049','Highentropy carbide'),('DOI:10.1016/j.scriptamat.2018.10.049','Solid solution'),('DOI:10.1016/j.scriptamat.2018.10.049','Synthesis'),('DOI:10.1016/j.scriptamat.2018.10.049','Ultrahigh temperature ceramics'),('DOI:10.1016/j.scriptamat.2019.01.024',''),('DOI:10.1016/j.scriptamat.2019.01.024','ceramics'),('DOI:10.1016/j.scriptamat.2019.01.024','Flexural strength'),('DOI:10.1016/j.scriptamat.2019.01.024','High temperature materials'),('DOI:10.1016/j.scriptamat.2019.01.024','Highentropy carbides'),('DOI:10.1016/j.scriptamat.2019.01.024','Tantalum carbide'),('DOI:10.1016/j.scriptamat.2019.05.039',''),('DOI:10.1016/j.scriptamat.2019.05.039','Borides'),('DOI:10.1016/j.scriptamat.2019.05.039','Carbides'),('DOI:10.1016/j.scriptamat.2019.05.039','Highentropy ceramics'),('DOI:10.1016/j.scriptamat.2019.05.039','Spark plasma sintering'),('DOI:10.1016/j.scriptamat.2019.05.039','Ultrahigh temperature ceramics'),('DOI:10.1016/j.scriptamat.2020.10.038',''),('DOI:10.1016/j.scriptamat.2020.10.038','Carbides'),('DOI:10.1016/j.scriptamat.2020.10.038','High entropy carbides'),('DOI:10.1016/j.scriptamat.2020.10.038','Oxidation'),('DOI:10.1016/j.scriptamat.2021.114091',''),('DOI:10.1016/j.scriptamat.2021.114091','Arc melting'),('DOI:10.1016/j.scriptamat.2021.114091','High entropy carbides'),('DOI:10.1016/j.scriptamat.2021.114091','High entropy ceramics'),('DOI:10.1016/j.scriptamat.2021.114091','Refractory carbides'),('DOI:10.1016/j.scriptamat.2021.114091','Solidification'),('DOI:10.1016/j.triboint.2021.106883',''),('DOI:10.1016/j.triboint.2021.106883','Elevated temperature'),('DOI:10.1016/j.triboint.2021.106883','Highentropy carbide'),('DOI:10.1016/j.triboint.2021.106883','Mechanical properties'),('DOI:10.1016/j.triboint.2021.106883','Tribological behaviors'),('DOI:10.1038/s41467022334971',''),('DOI:10.1038/s4152402003176',''),('DOI:10.1038/s41524022009559',''),('DOI:10.1038/s4157801901708',''),('DOI:10.1038/s41598018268271',''),('doi:10.1088/1757899X/558/1/012043',''),('doi:10.1088/1757899X/558/1/012043','Hardness'),('doi:10.1088/1757899X/558/1/012043','Highentropy carbide'),('doi:10.1088/1757899X/558/1/012043','Microstructure'),('DOI:10.1111/jace.17332',''),('DOI:10.1111/jace.17332','highentropy carbide ceramics'),('DOI:10.1111/jace.17332','microstructure'),('DOI:10.1111/jace.17332','nanoparticles'),('DOI:10.1111/jace.17332','polymer precursor'),('DOI:10.1111/jace.17332','rare earths'),('DOI:10.1111/jace.17443',''),('DOI:10.1111/jace.17443','dislocation'),('DOI:10.1111/jace.17443','highentropy carbides'),('DOI:10.1111/jace.17443','hightemperature flexural strength'),('DOI:10.1111/jace.17443','mechanical properties'),('DOI:10.1126/science.aan5412',''),('DOI:10.3103/S1063457617030030',''),('DOI:10.3103/S1063457617030030','compressed discharge'),('DOI:10.3103/S1063457617030030','gas arc discharge'),('DOI:10.3103/S1063457617030030','high entropy coating'),('DOI:10.3103/S1063457617030030','Highentropy carbide'),('DOI:10.3103/S1063457617030030','vacuum arc coating'),('https://doi.org/10.1016/j.jeurceramsoc.2021.03.053',''),('https://doi.org/10.1016/j.jeurceramsoc.2021.03.053','Graphite'),('https://doi.org/10.1016/j.jeurceramsoc.2021.03.053','Highentropy carbide'),('https://doi.org/10.1016/j.jeurceramsoc.2021.03.053','Mechanical property'),('https://doi.org/10.1016/j.jeurceramsoc.2021.03.053','Microstructure'),('https://doi.org/10.1016/j.jeurceramsoc.2021.03.053','Thermal conductivity');
/*!40000 ALTER TABLE `key_word` ENABLE KEYS */;
UNLOCK TABLES;

--
-- Table structure for table `measurements`
--

DROP TABLE IF EXISTS `measurements`;
/*!40101 SET @saved_cs_client     = @@character_set_client */;
/*!50503 SET character_set_client = utf8mb4 */;
CREATE TABLE `measurements` (
  `PRODUCT_ID` int NOT NULL COMMENT 'ID в базе данных',
  `PARAMETER` varchar(500) NOT NULL COMMENT 'измеренный параметр',
  `UNIT` varchar(500) DEFAULT NULL COMMENT 'Единица измерения измеренного параметра',
  `MIN_VALUE` double DEFAULT NULL COMMENT 'Минимальное значение измеренного параметра',
  `MAX_VALUE` double DEFAULT NULL COMMENT 'Максимальное значение измеренного параметра',
  PRIMARY KEY (`PARAMETER`,`PRODUCT_ID`),
  KEY `PARAMETER` (`PARAMETER`),
  KEY `PRODUCT_ID` (`PRODUCT_ID`),
  CONSTRAINT `PROD_MEAS` FOREIGN KEY (`PRODUCT_ID`) REFERENCES `synthesis_product` (`PRODUCT_ID`) ON DELETE CASCADE ON UPDATE CASCADE
) ENGINE=InnoDB DEFAULT CHARSET=utf8mb3;
/*!40101 SET character_set_client = @saved_cs_client */;

--
-- Dumping data for table `measurements`
--

LOCK TABLES `measurements` WRITE;
/*!40000 ALTER TABLE `measurements` DISABLE KEYS */;
INSERT INTO `measurements` VALUES (160,'ablation resistance improving','%',58,56),(329,'Amount of HEC phase','wt%',93.1,93.1),(330,'Amount of HEC phase','wt%',94.8,94.8),(331,'Amount of HEC phase','wt%',95.6,95.6),(332,'Amount of HEC phase','wt%',97.7,97.7),(329,'Archimedes’ density','g·cm3',9.224,9.224),(330,'Archimedes’ density','g·cm3',9.287,9.287),(331,'Archimedes’ density','g·cm3',8.936,8.936),(332,'Archimedes’ density','g·cm3',8.468,8.468),(283,'average crystallite size','nm',47,47),(284,'average crystallite size','nm',55,55),(285,'average crystallite size','nm',48,48),(286,'average crystallite size','nm',46,46),(287,'average crystallite size','nm',67,67),(288,'average crystallite size','nm',63,63),(185,'average grain size','?m',1.1,1.1),(186,'average grain size','?m',9,9),(187,'average grain size','?m',12.4,12.4),(188,'average grain size','?m',8.2,8.2),(189,'average grain size','?m',6.4,6.4),(190,'average grain size','?m',23.7,23.7),(191,'average grain size','?m',9.7,9.7),(192,'average grain size','?m',7.9,7.9),(193,'average grain size','?m',16.1,16.1),(194,'average grain size','?m',10.2,10.2),(195,'average grain size','?m',10.3,10.3),(196,'average grain size','?m',11,11),(197,'average grain size','?m',9.9,9.9),(273,'average grain size','?m',1.2,0.6),(276,'Average grain size','?m',8.2021,8.2021),(277,'Average grain size','?m',16,16),(278,'Average grain size','?m',4.2021,4.2021),(279,'Average grain size','?m',8.2021,8.2021),(280,'Average grain size','?m',5.2021,5.2021),(281,'Average grain size','?m',7.2021,7.2021),(282,'Average grain size','?m',9.2021,9.2021),(305,'average grain size','?m',8.2021,8.2021),(69,'Average grain sizes','nm',2.3,1.1),(70,'Average grain sizes','nm',3.7,1.9),(71,'Average grain sizes','nm',5.6,3.2),(72,'Average grain sizes','nm',6.8,3.6),(266,'average indentation modulus','GPa',613,597),(62,'average total thicknesses of oxide layers','?m',133.9,133.9),(336,'Bulk density','g·cm3',3.03,3.03),(337,'Bulk density','g·cm3',3.78,3.78),(338,'Bulk density','g·cm3',5.49,5.49),(339,'Bulk density','g·cm3',9.49,9.49),(340,'Bulk density','g·cm3',9.8,9.8),(341,'Bulk density','g·cm3',9.78,9.78),(38,'bulk module','GPa',266.6,266.6),(39,'bulk module','GPa',283.5,283.5),(267,'bulk moduli','GPa',290,256),(268,'bulk moduli','GPa',281,257),(269,'bulk moduli','GPa',288,288),(270,'bulk moduli','GPa',311,311),(22,'Bulk modulus','GPa',264.4,264.4),(73,'coefficient of friction','',0.14,0.16),(23,'Compressive strength','MPa',3.45,3.45),(272,'compressive strength','MPa',2387,2307),(159,'conversion of ammonia','%',100,100),(164,'density','g/cm^3',9.203,9.179),(165,'density','g/cm^3',9.224,9.196),(166,'density','g/cm^3',9.235,9.213),(167,'density','g/cm^3',9.244,9.208),(185,'density','g/cm^3',6.58,6.58),(186,'density','g/cm^3',4.78,4.78),(187,'density','g/cm^3',6.38,6.38),(188,'density','g/cm^3',7.22,7.22),(189,'density','g/cm^3',9.37,9.37),(190,'density','g/cm^3',9.39,9.39),(191,'density','g/cm^3',9.42,9.42),(192,'density','g/cm^3',6.49,6.49),(193,'density','g/cm^3',9.94,9.94),(194,'density','g/cm^3',10.18,10.18),(195,'density','g/cm^3',8.42,8.42),(196,'density','g/cm^3',9.23,9.23),(197,'density','g/cm^3',9.22,9.22),(204,'density','g/cm^3',9.33,9.33),(302,'density','g/cm^3',8.14,8.14),(321,'density','g·cm? 3',9.55,9.15),(153,'diameter size','nm',6.61,3.99),(158,'diameter size','nm',4.09,2.47),(83,'EFA Attributes','(eV/atom)^(?1)',94,94),(84,'EFA Attributes','(eV/atom)^(?1)',107,107),(85,'EFA Attributes','(eV/atom)^(?1)',98,98),(86,'EFA Attributes','(eV/atom)^(?1)',98,98),(87,'EFA Attributes','(eV/atom)^(?1)',95,95),(88,'EFA Attributes','(eV/atom)^(?1)',97,97),(89,'EFA Attributes','(eV/atom)^(?1)',82,82),(90,'EFA Attributes','(eV/atom)^(?1)',93,93),(91,'EFA Attributes','(eV/atom)^(?1)',95,95),(92,'EFA Attributes','(eV/atom)^(?1)',91,91),(93,'EFA Attributes','(eV/atom)^(?1)',75,75),(94,'EFA Attributes','(eV/atom)^(?1)',93,93),(95,'EFA Attributes','(eV/atom)^(?1)',91,91),(96,'EFA Attributes','(eV/atom)^(?1)',74,74),(97,'EFA Attributes','(eV/atom)^(?1)',80,80),(98,'EFA Attributes','(eV/atom)^(?1)',91,91),(99,'EFA Attributes','(eV/atom)^(?1)',76,76),(100,'EFA Attributes','(eV/atom)^(?1)',91,91),(101,'EFA Attributes','(eV/atom)^(?1)',70,70),(102,'EFA Attributes','(eV/atom)^(?1)',77,77),(103,'EFA Attributes','(eV/atom)^(?1)',70,70),(104,'EFA Attributes','(eV/atom)^(?1)',94,94),(105,'EFA Attributes','(eV/atom)^(?1)',72,72),(106,'EFA Attributes','(eV/atom)^(?1)',82,82),(107,'EFA Attributes','(eV/atom)^(?1)',73,73),(108,'EFA Attributes','(eV/atom)^(?1)',76,76),(109,'EFA Attributes','(eV/atom)^(?1)',69,69),(110,'EFA Attributes','(eV/atom)^(?1)',88,88),(111,'EFA Attributes','(eV/atom)^(?1)',73,73),(112,'EFA Attributes','(eV/atom)^(?1)',72,72),(113,'EFA Attributes','(eV/atom)^(?1)',67,67),(114,'EFA Attributes','(eV/atom)^(?1)',63,63),(115,'EFA Attributes','(eV/atom)^(?1)',63,63),(116,'EFA Attributes','(eV/atom)^(?1)',69,69),(117,'EFA Attributes','(eV/atom)^(?1)',61,61),(118,'EFA Attributes','(eV/atom)^(?1)',65,65),(119,'EFA Attributes','(eV/atom)^(?1)',64,64),(120,'EFA Attributes','(eV/atom)^(?1)',59,59),(121,'EFA Attributes','(eV/atom)^(?1)',65,65),(122,'EFA Attributes','(eV/atom)^(?1)',61,61),(123,'EFA Attributes','(eV/atom)^(?1)',54,54),(124,'EFA Attributes','(eV/atom)^(?1)',56,56),(125,'EFA Attributes','(eV/atom)^(?1)',52,52),(126,'EFA Attributes','(eV/atom)^(?1)',54,54),(127,'EFA Attributes','(eV/atom)^(?1)',58,58),(128,'EFA Attributes','(eV/atom)^(?1)',65,65),(129,'EFA Attributes','(eV/atom)^(?1)',58,58),(130,'EFA Attributes','(eV/atom)^(?1)',54,54),(131,'EFA Attributes','(eV/atom)^(?1)',51,51),(132,'EFA Attributes','(eV/atom)^(?1)',52,52),(133,'EFA Attributes','(eV/atom)^(?1)',50,50),(134,'EFA Attributes','(eV/atom)^(?1)',51,51),(135,'EFA Attributes','(eV/atom)^(?1)',52,52),(136,'EFA Attributes','(eV/atom)^(?1)',52,52),(137,'EFA Attributes','(eV/atom)^(?1)',51,51),(138,'EFA Attributes','(eV/atom)^(?1)',46,46),(139,'EFA Attributes','(eV/atom)^(?1)',53,53),(140,'EFA Attributes','(eV/atom)^(?1)',76,76),(141,'EFA Attributes','(eV/atom)^(?1)',70,70),(142,'EFA Attributes','(eV/atom)^(?1)',65,65),(143,'EFA Attributes','(eV/atom)^(?1)',72,72),(144,'EFA Attributes','(eV/atom)^(?1)',68,68),(145,'EFA Attributes','(eV/atom)^(?1)',69,69),(76,'EFA CALPHAD','(eV/atom)^(?1)',104,104),(77,'EFA CALPHAD','(eV/atom)^(?1)',104,104),(78,'EFA CALPHAD','(eV/atom)^(?1)',103,103),(79,'EFA CALPHAD','(eV/atom)^(?1)',88,88),(80,'EFA CALPHAD','(eV/atom)^(?1)',51,51),(81,'EFA CALPHAD','(eV/atom)^(?1)',49,49),(82,'EFA CALPHAD','(eV/atom)^(?1)',45,45),(83,'EFA CALPHAD','(eV/atom)^(?1)',105,105),(84,'EFA CALPHAD','(eV/atom)^(?1)',105,105),(85,'EFA CALPHAD','(eV/atom)^(?1)',93,93),(86,'EFA CALPHAD','(eV/atom)^(?1)',93,93),(87,'EFA CALPHAD','(eV/atom)^(?1)',92,92),(88,'EFA CALPHAD','(eV/atom)^(?1)',91,91),(89,'EFA CALPHAD','(eV/atom)^(?1)',88,88),(90,'EFA CALPHAD','(eV/atom)^(?1)',88,88),(91,'EFA CALPHAD','(eV/atom)^(?1)',88,88),(92,'EFA CALPHAD','(eV/atom)^(?1)',87,87),(93,'EFA CALPHAD','(eV/atom)^(?1)',84,84),(94,'EFA CALPHAD','(eV/atom)^(?1)',83,83),(95,'EFA CALPHAD','(eV/atom)^(?1)',83,83),(96,'EFA CALPHAD','(eV/atom)^(?1)',81,81),(97,'EFA CALPHAD','(eV/atom)^(?1)',81,81),(98,'EFA CALPHAD','(eV/atom)^(?1)',79,79),(99,'EFA CALPHAD','(eV/atom)^(?1)',79,79),(100,'EFA CALPHAD','(eV/atom)^(?1)',78,78),(101,'EFA CALPHAD','(eV/atom)^(?1)',78,78),(102,'EFA CALPHAD','(eV/atom)^(?1)',78,78),(103,'EFA CALPHAD','(eV/atom)^(?1)',77,77),(104,'EFA CALPHAD','(eV/atom)^(?1)',76,76),(105,'EFA CALPHAD','(eV/atom)^(?1)',74,74),(106,'EFA CALPHAD','(eV/atom)^(?1)',74,74),(107,'EFA CALPHAD','(eV/atom)^(?1)',73,73),(108,'EFA CALPHAD','(eV/atom)^(?1)',72,72),(109,'EFA CALPHAD','(eV/atom)^(?1)',72,72),(110,'EFA CALPHAD','(eV/atom)^(?1)',71,71),(111,'EFA CALPHAD','(eV/atom)^(?1)',71,71),(112,'EFA CALPHAD','(eV/atom)^(?1)',70,70),(113,'EFA CALPHAD','(eV/atom)^(?1)',70,70),(114,'EFA CALPHAD','(eV/atom)^(?1)',62,62),(115,'EFA CALPHAD','(eV/atom)^(?1)',62,62),(116,'EFA CALPHAD','(eV/atom)^(?1)',62,62),(117,'EFA CALPHAD','(eV/atom)^(?1)',60,60),(118,'EFA CALPHAD','(eV/atom)^(?1)',59,59),(119,'EFA CALPHAD','(eV/atom)^(?1)',59,59),(120,'EFA CALPHAD','(eV/atom)^(?1)',58,58),(121,'EFA CALPHAD','(eV/atom)^(?1)',57,57),(122,'EFA CALPHAD','(eV/atom)^(?1)',56,56),(123,'EFA CALPHAD','(eV/atom)^(?1)',56,56),(124,'EFA CALPHAD','(eV/atom)^(?1)',55,55),(125,'EFA CALPHAD','(eV/atom)^(?1)',54,54),(126,'EFA CALPHAD','(eV/atom)^(?1)',54,54),(127,'EFA CALPHAD','(eV/atom)^(?1)',52,52),(128,'EFA CALPHAD','(eV/atom)^(?1)',51,51),(129,'EFA CALPHAD','(eV/atom)^(?1)',51,51),(130,'EFA CALPHAD','(eV/atom)^(?1)',50,50),(131,'EFA CALPHAD','(eV/atom)^(?1)',50,50),(132,'EFA CALPHAD','(eV/atom)^(?1)',48,48),(133,'EFA CALPHAD','(eV/atom)^(?1)',48,48),(134,'EFA CALPHAD','(eV/atom)^(?1)',48,48),(135,'EFA CALPHAD','(eV/atom)^(?1)',47,47),(136,'EFA CALPHAD','(eV/atom)^(?1)',46,46),(137,'EFA CALPHAD','(eV/atom)^(?1)',46,46),(138,'EFA CALPHAD','(eV/atom)^(?1)',46,46),(139,'EFA CALPHAD','(eV/atom)^(?1)',45,45),(140,'EFA CALPHAD','(eV/atom)^(?1)',70,70),(141,'EFA CALPHAD','(eV/atom)^(?1)',70,70),(142,'EFA CALPHAD','(eV/atom)^(?1)',67,67),(143,'EFA CALPHAD','(eV/atom)^(?1)',66,66),(144,'EFA CALPHAD','(eV/atom)^(?1)',66,66),(145,'EFA CALPHAD','(eV/atom)^(?1)',66,66),(76,'EFA DFT','(eV/atom)^(?1)',116,116),(77,'EFA DFT','(eV/atom)^(?1)',105,105),(78,'EFA DFT','(eV/atom)^(?1)',106,106),(79,'EFA DFT','(eV/atom)^(?1)',76,76),(80,'EFA DFT','(eV/atom)^(?1)',36,36),(81,'EFA DFT','(eV/atom)^(?1)',52,52),(82,'EFA DFT','(eV/atom)^(?1)',42,42),(48,'effective absorption bandwidth','GHz',6,6),(49,'effective absorption bandwidth','GHz',2.3,2.3),(50,'effective absorption bandwidth','GHz',6.1,6.1),(32,'elastic module','GPa',460,460),(33,'elastic module','GPa',464,464),(34,'elastic module','GPa',475,475),(35,'elastic module','GPa',490,490),(36,'elastic module','GPa',493,493),(37,'elastic module','GPa',466,466),(43,'Elastic module','GPa',327.3,291.7),(44,'Elastic module','GPa',405.1,353.3),(45,'Elastic module','GPa',504,532),(213,'elastic module','GPa',609,435),(214,'elastic module','GPa',459,235),(215,'elastic module','GPa',595,445),(216,'elastic module','GPa',598,432),(217,'elastic module','GPa',548,368),(218,'elastic module','GPa',525,327),(219,'elastic module','GPa',547,385),(220,'elastic module','GPa',601,407),(221,'elastic module','GPa',427,283),(222,'elastic module','GPa',549,439),(223,'elastic module','GPa',511,423),(224,'elastic module','GPa',529,353),(225,'elastic module','GPa',615,537),(226,'elastic module','GPa',479,479),(227,'elastic module','GPa',450,450),(228,'elastic module','GPa',459,459),(229,'elastic module','GPa',506,506),(230,'elastic module','GPa',495,495),(231,'elastic module','GPa',512,512),(232,'elastic module','GPa',412,412),(233,'elastic module','GPa',469,469),(234,'elastic module','GPa',482,482),(235,'elastic module','GPa',468,468),(236,'elastic module','GPa',406,406),(237,'elastic module','GPa',477,477),(238,'elastic module','GPa',464,464),(52,'Elastic module after irradiation (20 dpa/500 °C)','GPa',359.4,329.2),(52,'Elastic module without irradiation','GPa',349.5,329.5),(9,'Elastic modulus','GPa',440,440),(10,'Elastic modulus','GPa',500,500),(11,'Elastic modulus','GPa',480,480),(12,'Elastic modulus','GPa',470,470),(13,'Elastic modulus','GPa',480,480),(16,'Elastic modulus','GPa',530,530),(17,'Elastic modulus','GPa',480,480),(67,'Elastic modulus','GPa',413,407),(322,'electrical conductivity','S cm?1',0.000045,0.000045),(45,'Electrical resistivity','??*cm',92.3,89.7),(163,'Electrical resistivity','???m',3.3,3.3),(303,'Energies','Ev/atom',9.668,9.668),(68,'Engineering yield strength','MPa',937,937),(309,'Experimental DRX a','?',4.502,4.49),(310,'Experimental DRX a','?',4.504,4.486),(311,'Experimental DRX a','?',4.535,4.517),(312,'Experimental DRX a','?',4.452,4.428),(313,'Experimental DRX a','?',4.431,4.419),(314,'Experimental DRX a','?',4.505,4.481),(309,'Experimental SAED a','?',4.515,4.485),(310,'Experimental SAED a','?',4.52,4.478),(311,'Experimental SAED a','?',4.542,4.502),(312,'Experimental SAED a','?',4.462,4.436),(313,'Experimental SAED a','?',4.429,4.369),(314,'Experimental SAED a','?',4.514,4.468),(61,'Flectural strength','MPa',560,560),(40,'flexural strength','MPa',484,436),(372,'flexural strength','MPa',530,530),(38,'formation enthalpy','kJ/mol',47.8,47.8),(39,'formation enthalpy','kJ/mol',302,302),(47,'fracture strength','GPa',12,11.6),(40,'fracture toughness','MPa*m^(1/2)',2.9,2.9),(46,'fracture toughness','MPa*m^(1/2)',3.56,3.56),(209,'fracture toughness','MPa*m^(1/2)',3.2021,3.2021),(210,'fracture toughness','MPa*m^(1/2)',2.2021,2.2021),(300,'Fracture toughness','MPa*m^(1/2)',5.13,5.05),(301,'Fracture toughness','MPa*m^(1/2)',5.33,4.97),(315,'fracture toughness','MPa·m(1/2)',2.3,1.9),(316,'fracture toughness','MPa·m(1/2)',2.4,1.8),(317,'fracture toughness','MPa·m(1/2)',2.7,2.1),(318,'fracture toughness','MPa?m^(0.5)',4.44,3.04),(320,'fracture toughness','MPa·m(1/2)',2.92,2.46),(342,'Fracture toughness','MPa·m^(1/2)',3.2,3.2),(343,'Fracture toughness','MPa·m^(1/2)',12.9,12.9),(386,'Fracture toughness','MPa · m^(1/2)',5.8,5),(387,'Fracture toughness','MPa · m^(1/2)',5.7,4.7),(388,'Fracture toughness','MPa · m^(1/2)',6.4,4.8),(389,'Fracture toughness','MPa · m^(1/2)',6.9,4.5),(390,'Fracture toughness','MPa · m^(1/2)',5.1,3.9),(370,'Fracture toughness ( by the Vickers indentation method)','MPa?m1/2',4,4),(47,'fracture toughness grains','MPam^(0.5)',3,4),(2,'grain size','micron',30,5),(3,'grain size','micron',30,5),(53,'Grain size','?m',20,50),(54,'Grain size','?m',100,40),(55,'Grain size','?m',30,80),(56,'Grain size','?m',10,40),(57,'Grain size','?m',20,5),(58,'Grain size','?m',20,50),(59,'Grain size','?m',20,50),(60,'Grain size','?m',20,50),(160,'Grain size','um',4,7),(161,'Grain size','um',1,2),(266,'grain size','?m',20,5),(271,'grain size','?m',10,5),(302,'grain size','?m',7.5,3.5),(324,'grain size','?m',1.17,1.03),(325,'grain size','?m',1.32,1.08),(326,'grain size','?m',1.94,1.86),(327,'grain size','?m',2.27,2.13),(328,'grain size','?m',6.4,6.2),(5,'Hardness','GPa',37.7,34.5),(9,'Hardness','GPa',33,33),(10,'Hardness','GPa',29,29),(11,'Hardness','GPa',28,28),(12,'Hardness','GPa',33,33),(13,'Hardness','GPa',31,31),(16,'Hardness','GPa',27,27),(17,'Hardness','GPa',27,27),(43,'Hardness','GPa',30.3,25.5),(44,'Hardness','GPa',35,28.8),(61,'Hardness','GPa',29.9,25.3),(69,'Hardness','GPa',16,16),(70,'Hardness','GPa',17,17),(71,'Hardness','GPa',18,18),(72,'Hardness','GPa',19.5,19.5),(73,'Hardness','GPa',43,48),(74,'Hardness','GPa',17,23),(75,'Hardness','GPa',14.33,22.62),(163,'Hardness','GPa',9.7,8.9),(176,'Hardness','GPa',26.5,26.5),(177,'Hardness','GPa',21.4,21.4),(178,'Hardness','GPa',15.7,15.7),(179,'Hardness','GPa',16.9,16.9),(180,'Hardness','GPa',35.5,35.5),(181,'Hardness','GPa',35.3,35.3),(182,'Hardness','GPa',26.8,26.8),(183,'Hardness','GPa',20.2,20.2),(184,'Hardness','GPa',11.7,11.7),(204,'Hardness','GPa',39.4,36.6),(213,'Hardness','GPa',25.4,21.2),(214,'Hardness','GPa',19.5,16.1),(215,'Hardness','GPa',23.8,22),(216,'Hardness','GPa',27.6,24),(217,'Hardness','GPa',26.1,24.9),(218,'Hardness','GPa',23.8,21.6),(219,'Hardness','GPa',20.6,17.4),(220,'Hardness','GPa',28.6,26.2),(221,'Hardness','GPa',23.1,18.5),(222,'Hardness','GPa',26.5,20.5),(223,'Hardness','GPa',20.1,17.3),(224,'Hardness','GPa',24.9,20.9),(225,'Hardness','GPa',30.2,29.2),(226,'Hardness','GPa',23,23),(227,'Hardness','GPa',21,21),(228,'Hardness','GPa',23,23),(229,'Hardness','GPa',25,25),(230,'Hardness','GPa',27,27),(231,'Hardness','GPa',23,23),(232,'Hardness','GPa',21,21),(233,'Hardness','GPa',25,25),(234,'Hardness','GPa',23,23),(235,'Hardness','GPa',24,24),(236,'Hardness','GPa',19,19),(237,'Hardness','GPa',24,24),(238,'Hardness','GPa',22,22),(254,'Hardness','GPa',37.9,36.9),(255,'Hardness','GPa',37.6,32.4),(256,'Hardness','GPa',38.9,31.7),(257,'Hardness','GPa',35.9,34.3),(258,'Hardness','GPa',35.4,32.8),(259,'Hardness','GPa',33.5,31.3),(260,'Hardness','GPa',26.6,26.4),(261,'Hardness','GPa',26.6,25.4),(262,'Hardness','GPa',22.5,18.1),(263,'Hardness','GPa',20.2,18.4),(264,'Hardness','GPa',15.9,12.9),(265,'Hardness','GPa',13.4,11.6),(274,'hardness','GPa',30,30),(292,'Hardness','GPa',29.2,22.2),(293,'Hardness','GPa',29.2,22.2),(299,'Hardness','GPa',20.44,18.94),(300,'Hardness','GPa',20.37,18.93),(301,'Hardness','GPa',20.86,19.1),(371,'Hardness (Berkovich indenter)','GPa',27,21),(168,'high shear strength','GPa',210,210),(169,'high shear strength','GPa',171,171),(170,'high shear strength','GPa',98,98),(374,'highest rate of mass gain','?C',620,620),(289,'Ignition time','min',10,10),(290,'Ignition time','min',10,10),(291,'Ignition time','min',23,23),(283,'lattice strain','%',0.162,0.162),(284,'lattice strain','%',0.18,0.18),(285,'lattice strain','%',0.209,0.209),(286,'lattice strain','%',0.152,0.152),(287,'lattice strain','%',0.143,0.143),(288,'lattice strain','%',0.153,0.153),(164,'mean grain size','?m',7.05,7.05),(165,'mean grain size','?m',7.68,7.68),(166,'mean grain size','?m',8.12,8.12),(167,'mean grain size','?m',8.51,8.51),(323,'Measured density','g·cm3',9.542,9.538),(324,'Measured density','g·cm3',10.143,10.097),(325,'Measured density','g·cm3',10.227,10.213),(326,'Measured density','g·cm3',10.281,10.119),(327,'Measured density','g·cm3',10.287,10.273),(328,'Measured density','g·cm3',10.204,10.136),(275,'median particle size','nm',596,596),(205,'melting point','°C',4000,4000),(200,'microhardness','GPa',26.8,24),(202,'microhardness','GPa',31.8,28.2),(203,'microhardness','GPa',33.5,30.3),(209,'microhardness','GPa',23.7,23.7),(210,'microhardness','GPa',23.7,23.7),(342,'Microhardness','GPa',18.75,18.75),(343,'Microhardness','GPa',17.83,17.83),(48,'minimum reflection loss','dB',55.8,55.8),(49,'minimum reflection loss','dB',38.5,38.5),(50,'minimum reflection loss','dB',41.1,41.1),(239,'mixed enthalpy','J/mol',84.125,84.125),(240,'mixed enthalpy','J/mol',78.375,78.375),(241,'mixed enthalpy','J/mol',87.375,87.375),(242,'mixed enthalpy','J/mol',88.938,88.938),(243,'mixed enthalpy','J/mol',78.875,78.875),(244,'mixed enthalpy','J/mol',84.67,84.67),(245,'mixed enthalpy','J/mol',69.78,69.78),(246,'mixed enthalpy','J/mol',84,84),(247,'mixed enthalpy','J/mol',95.22,95.22),(248,'mixed enthalpy','J/mol',91.22,91.22),(249,'mixed enthalpy','J/mol',77.3,77.3),(250,'mixed enthalpy','J/mol',82.44,82.44),(251,'mixed enthalpy','J/mol',78.11,78.11),(252,'mixed enthalpy','J/mol',82,82),(253,'mixed enthalpy','J/mol',89.33,89.33),(239,'mixed entropy','J/mol',11.5257,11.5257),(240,'mixed entropy','J/mol',11.5257,11.5257),(241,'mixed entropy','J/mol',11.5257,11.5257),(242,'mixed entropy','J/mol',11.5257,11.5257),(243,'mixed entropy','J/mol',11.5257,11.5257),(244,'mixed entropy','J/mol',10.3298,10.3298),(245,'mixed entropy','J/mol',10.3298,10.3298),(246,'mixed entropy','J/mol',10.3298,10.3298),(247,'mixed entropy','J/mol',10.3298,10.3298),(248,'mixed entropy','J/mol',10.3298,10.3298),(249,'mixed entropy','J/mol',10.3298,10.3298),(250,'mixed entropy','J/mol',10.3298,10.3298),(251,'mixed entropy','J/mol',10.3298,10.3298),(252,'mixed entropy','J/mol',10.3298,10.3298),(253,'mixed entropy','J/mol',10.3298,10.3298),(306,'mixing enthalpy','kJ*mol^(1)',1.264,1.264),(307,'mixing enthalpy','kJ*mol^(1)',10.916,10.916),(308,'mixing enthalpy','kJ*mol^(1)',15.912,15.912),(306,'mixing entropy','J*K^(1)*mol^(1)',14.088,14.088),(307,'mixing entropy','J*K^(1)*mol^(1)',15.529,15.529),(308,'mixing entropy','J*K^(1)*mol^(1)',14.98,14.98),(63,'Nanohardness','GPa',35.4,32.8),(64,'Nanohardness','GPa',35.6,34.6),(65,'Nanohardness','GPa',37.4,32.8),(66,'Nanohardness','GPa',32.5,29.9),(303,'Nanohardness','GPa',31.5,29.1),(321,'open porosity','%',0.22,0.04),(53,'oxidation onset temperature','°C',785,785),(54,'oxidation onset temperature','°C',660,660),(55,'oxidation onset temperature','°C',540,540),(56,'oxidation onset temperature','°C',732,732),(57,'oxidation onset temperature','°C',742,742),(58,'oxidation onset temperature','°C',860,860),(59,'oxidation onset temperature','°C',769,769),(60,'oxidation onset temperature','°C',795,795),(25,'oxidation response','°C',700,700),(26,'oxidation response','°C',830,830),(27,'oxidation response','°C',780,780),(28,'oxidation response','°C',950,950),(29,'oxidation response','°C',830,830),(30,'oxidation response','°C',700,700),(31,'oxidation response','°C',830,830),(42,'oxidation temperature','K',1073,1073),(6,'Oxygen content','%',0.7,0.7),(8,'Oxygen content','%',1.8,1.8),(21,'Oxygen content','wt%',0.2,0.2),(344,'Palmqvist indentation fracture toughness (K1c) ','MPa.m^(1/2)',10,9),(345,'Palmqvist indentation fracture toughness (K1c) ','MPa.m^(1/2)',9.4,9),(42,'parabolic oxidation rate constant','(mg^2)/(cm^4)*h',0.573,0.573),(21,'Particle size','nm',550,550),(24,'Particle size','nm',137,127),(4,'Particles\' size','micron',2,2),(23,'Porosity','%',80.99,80.99),(336,'Porosity','%',71.09,71.09),(337,'Porosity','%',63.62,63.62),(338,'Porosity','%',46.44,46.44),(339,'Porosity','%',9.88,9.88),(340,'Porosity','%',5.77,5.77),(341,'Porosity','%',4.68,4.68),(274,'related density','%',98,98),(6,'Relative density','%',98.2,98.2),(7,'Relative density','%',4.451,4.451),(8,'Relative density','%',99.9,99.9),(67,'Relative density','%',94.8,94.8),(162,'relative density ','%',95.5,95.5),(271,'relative density','%',97.7,97.7),(275,'Relative density','%',99.1,99.1),(276,'Relative density','%',100,100),(277,'Relative density','%',99.8,99.8),(278,'Relative density','%',100,100),(279,'Relative density','%',100,100),(280,'Relative density','%',99.9,99.9),(281,'Relative density','%',100,100),(282,'Relative density','%',99.9,99.9),(292,'Relative density','%',94.8,94.8),(293,'Relative density','%',93.8,93.8),(305,'relative density','%',98.6,98.6),(162,'sample size','mm',20,20),(267,'shear moduli','GPa',197,189),(268,'shear moduli','GPa',177,169),(269,'shear moduli','GPa',194,194),(270,'shear moduli','GPa',174,174),(24,'Specific surface area','m^2/g',24.5,24.5),(374,'the beginning of oxidation','?C',535,535),(41,'the parabolic rate constant','(kg^2)/(m^4)/s',0.000000215,0.000000215),(46,'thermal conductivity','W/m.K^(?1)',9.357,9.357),(212,'thermal stability','?C',1200,1200),(171,'thickness','?m',150,210),(172,'thickness','?m',150,190),(173,'thickness','?m',100,60),(174,'thickness','?m',40,60),(175,'thickness','?m',10,30),(254,'thickness','?m',0.71,0.69),(255,'thickness','?m',0.93,0.87),(256,'thickness','?m',1.02,0.98),(257,'thickness','?m',1.14,1.06),(258,'thickness','?m',1.01,0.99),(259,'thickness','?m',1.13,1.07),(260,'thickness','?m',1.11,1.09),(261,'thickness','?m',1.33,1.27),(262,'thickness','?m',1.21,1.19),(263,'thickness','?m',1.42,1.38),(264,'thickness','?m',1.91,1.89),(265,'thickness','?m',2.01,1.99),(168,'thickness of reaction layer','?m',5,5),(170,'thickness of reaction layer','?m',2.5,2.5),(68,'Ultimate compressive strength','MPa',1551,1551),(294,'Ultimate tensile strength','MPa',675,675),(295,'Ultimate tensile strength','MPa',843,843),(296,'Ultimate tensile strength','MPa',980,980),(32,'Vickers hardness','GPa',27.3,26.7),(33,'Vickers hardness','GPa',34,30),(34,'Vickers hardness','GPa',32,26),(35,'Vickers hardness','GPa',30,26),(36,'Vickers hardness','GPa',33,29),(37,'Vickers hardness','GPa',35,31),(273,'Vickers hardness','GPa',26,24),(315,'Vickers hardness','GPa',24.7,23.7),(316,'Vickers hardness','GPa',23.7,23.3),(317,'Vickers hardness','GPa',25.4,23.8),(318,'Vickers hardness','GPa',23.7,20.3),(320,'Vickers hardness','GPa',27.1,26.1),(335,'Vickers hardness','HV',1260,1260),(344,'Vickers hardness','GPa',15.05,13.85),(345,'Vickers hardness','GPa',14.66,13.86),(367,'Vickers hardness','GPa',20.54,19.76),(368,'Vickers hardness','GPa',21.35,19.89),(369,'Vickers hardness','GPa',21.33,20.15),(370,'Vickers hardness','HV0.2',32.1,32.1),(372,'Vickers hardness','GPa',22.4,22.4),(379,'Vickers hardness','GPa',26.7,23.9),(386,'Vickers hardness','GPa',20.1,19.1),(387,'Vickers hardness','GPa',17.4,16.8),(388,'Vickers hardness','GPa',19.3,16.9),(389,'Vickers hardness','GPa',19,17.4),(390,'Vickers hardness','GPa',18.8,17.8),(25,'Vickers hardness (4.9 N)','GPa',20.4,19),(26,'Vickers hardness (4.9 N)','GPa',28.2,26.2),(27,'Vickers hardness (4.9 N)','GPa',19.7,18.1),(28,'Vickers hardness (4.9 N)','GPa',27,26),(29,'Vickers hardness (4.9 N)','GPa',23.9,21.5),(30,'Vickers hardness (4.9 N)','GPa',22.6,19),(31,'Vickers hardness (4.9 N)','GPa',24.8,23.4),(367,'weight gain','%',3.08,2.08),(368,'weight gain','%',1.8,1.2),(369,'weight gain','%',1.8,1.2),(272,'yield strength','MPa',1361,1319),(294,'Yield stress','MPa',371,371),(295,'Yield stress','MPa',634,634),(296,'Yield stress','MPa',792,792),(22,'Young\'s modulus','GPa',456.1,456.1),(63,'Young\'s modulus','GPa',505,505),(64,'Young\'s modulus','GPa',448,448),(65,'Young\'s modulus','GPa',459,459),(66,'Young\'s modulus','GPa',482,482),(176,'Young\'s modulus','GPa',445,445),(177,'Young\'s modulus','GPa',444,444),(178,'Young\'s modulus','GPa',367,367),(179,'Young\'s modulus','GPa',371,371),(180,'Young\'s modulus','GPa',487,487),(181,'Young\'s modulus','GPa',418,418),(182,'Young\'s modulus','GPa',568,568),(183,'Young\'s modulus','GPa',387,387),(184,'Young\'s modulus','GPa',550,550),(206,'Young’s moduli','GPa',469,469),(207,'Young’s moduli','GPa',507,507),(74,'Young’s modulus','GPa',137,81),(379,'Young’s modulus ','GPa',466.4,458.4),(198,'ZrNbTaHf/C molar ratio','',11.84,11.84),(199,'ZrNbTaHf/C molar ratio','',7.13,7.13),(200,'ZrNbTaHf/C molar ratio','',2.52,2.52),(201,'ZrNbTaHf/C molar ratio','',1.88,1.88),(202,'ZrNbTaHf/C molar ratio','',1.26,1.26),(203,'ZrNbTaHf/C molar ratio','',1.13,1.13);
/*!40000 ALTER TABLE `measurements` ENABLE KEYS */;
UNLOCK TABLES;

--
-- Table structure for table `source`
--

DROP TABLE IF EXISTS `source`;
/*!40101 SET @saved_cs_client     = @@character_set_client */;
/*!50503 SET character_set_client = utf8mb4 */;
CREATE TABLE `source` (
  `JOURNAL` varchar(300) NOT NULL COMMENT 'Журнал',
  `IMPACT` varchar(300) NOT NULL COMMENT 'Импакт фактор журнала',
  PRIMARY KEY (`JOURNAL`,`IMPACT`)
) ENGINE=InnoDB DEFAULT CHARSET=utf8mb3;
/*!40101 SET character_set_client = @saved_cs_client */;

--
-- Dumping data for table `source`
--

LOCK TABLES `source` WRITE;
/*!40000 ALTER TABLE `source` DISABLE KEYS */;
INSERT INTO `source` VALUES ('Acta Materialia','8.203'),('Ceramics International','4.527'),('Computational Materials','3.3'),('Computational Materials Science ','3.3'),('Corrosion Science ','7.205'),('IOP Conference Series Materials Science and Engineering','0,51'),('Journal of Alloys and Compounds','5.316'),('Journal of American Ceramic Society ','3.529'),('Journal of Materials Science & Technology','8.067'),('Journal of Materials Science and Technology','8.067'),('Journal of Superhard Materials','0,78'),('Journal of the European Ceramic Society','5,302'),('Journal of the European Ceramic Society','5.302'),('Materialia','8.685'),('Materials and Design','7.991'),('Materials Science and Engineering A','5.234'),('Nature Communications','15.805'),('Nature Reviews Materials','34.469'),('Open Ceramics','5.302'),('Physica B: Condensed Matter','2.436'),('Science','24.193'),('Scientific Reports','5.133'),('Scripta Materialia ','5.611'),('Tribology International','4.872');
/*!40000 ALTER TABLE `source` ENABLE KEYS */;
UNLOCK TABLES;

--
-- Table structure for table `synthesis_parameter`
--

DROP TABLE IF EXISTS `synthesis_parameter`;
/*!40101 SET @saved_cs_client     = @@character_set_client */;
/*!50503 SET character_set_client = utf8mb4 */;
CREATE TABLE `synthesis_parameter` (
  `PRODUCT_ID` int NOT NULL COMMENT 'ID в базе данных',
  `PARAMETER` varchar(500) NOT NULL COMMENT 'Параметр синтеза',
  `UNIT` varchar(500) DEFAULT NULL COMMENT 'Единица измерения параметра синтеза',
  `MIN_VALUE` double DEFAULT NULL COMMENT 'Минимальное значение параметра синтеза',
  `MAX_VALUE` double DEFAULT NULL COMMENT 'Максимальное значение параметра синтеза',
  PRIMARY KEY (`PARAMETER`,`PRODUCT_ID`),
  KEY `PARAMETER` (`PARAMETER`),
  KEY `PRODUCT_ID` (`PRODUCT_ID`),
  CONSTRAINT `PROD_PAR` FOREIGN KEY (`PRODUCT_ID`) REFERENCES `synthesis_product` (`PRODUCT_ID`) ON DELETE CASCADE ON UPDATE CASCADE
) ENGINE=InnoDB DEFAULT CHARSET=utf8mb3;
/*!40101 SET character_set_client = @saved_cs_client */;

--
-- Dumping data for table `synthesis_parameter`
--

LOCK TABLES `synthesis_parameter` WRITE;
/*!40000 ALTER TABLE `synthesis_parameter` DISABLE KEYS */;
INSERT INTO `synthesis_parameter` VALUES (237,'ball mill speed','rpm',300,300),(213,'contents of carbon','at.%',0,0),(53,'cooling','К/с',50,50),(21,'Current','A',120,120),(22,'Current','A',120,120),(23,'Current','A',120,120),(24,'Current','A',120,120),(25,'Current','A',120,120),(26,'Current','A',120,120),(27,'Current','A',120,120),(195,'current','А',220,220),(238,'detonation pressure','GPa',23.6,23.6),(238,'detonation velocity','km s–1',7.8,7.8),(2,'heating rate','°C/min',10,10),(20,'heating rate','°C/min',5,5),(21,'heating rate','°C/min',10,10),(22,'heating rate','°C/min',10,10),(23,'heating rate','°C/min',10,10),(37,'heating rate',' ?C/min',5,5),(43,'heating rate','°C/min',10,10),(44,'heating rate','°C/min',10,10),(143,'heating rate','°C/min',10,200),(229,'heating rate',' ?C/min',1000,1000),(230,'heating rate',' ?C/min',1000,1000),(231,'heating rate',' ?C/min',1000,1000),(234,'heating rate',' ?C/min',3,3),(240,'heating rate',' ?C/min',5,5),(241,'heating rate',' ?C/min',5,5),(242,'heating rate',' ?C/min',5,5),(246,'heating rate',' ?C/min',10,10),(247,'heating rate',' ?C/min',10,10),(263,'heating rate',' ?C/min',50,50),(264,'heating rate',' ?C/min',50,50),(265,'heating rate',' ?C/min',50,50),(162,'mass','g',10,10),(3,'mill rotating speed ','rpm',912,912),(162,'mill rotating speed ','rpm',912,912),(233,'mill rotating speed','rpm',912,912),(248,'mill rotating speed','rpm',912,912),(2,'pressure','MPa',16,40),(4,'pressure','MPa',16,40),(5,'pressure','MPa',50,50),(6,'pressure','MPa',30,30),(7,'pressure','MPa',30,30),(8,'pressure','MPa',30,30),(9,'pressure','MPa',30,30),(10,'pressure','MPa',30,30),(11,'pressure','MPa',30,30),(12,'pressure','MPa',30,30),(13,'pressure','MPa',30,30),(14,'pressure','MPa',30,30),(15,'pressure','MPa',30,30),(16,'pressure','MPa',30,30),(17,'pressure','MPa',30,30),(21,'Pressure','MPa',50,50),(22,'Pressure','bar',5,5),(23,'Pressure','Pa',5,5),(28,'pressure','MPa',30,30),(29,'pressure','MPa',30,30),(30,'pressure','MPa',30,30),(31,'pressure','MPa',30,30),(32,'pressure','MPa',30,30),(33,'pressure','MPa',30,30),(35,'pressure','kN',15,32),(36,'pressure','MPa',60,60),(37,'pressure','MPa',30,30),(40,'pressure','MPa',30,30),(42,'pressure','MPa',30,30),(43,'Pressure','bar',5,5),(45,'Pressure','kN',32,8),(46,'Pressure','MPa',35,35),(47,'Pressure','MPa',30,30),(48,'Pressure','MPa',30,30),(49,'Pressure','MPa',30,30),(50,'Pressure','MPa',30,30),(52,'Pressure','MPa',40,40),(54,'Pressure','MPa',50,50),(55,'Pressure','MPa',60,60),(56,'Pressure','MPa',60,60),(57,'Pressure','MPa',60,60),(58,'Pressure','MPa',60,60),(59,'Pressure','MPa',60,60),(60,'Pressure','MPa',60,60),(61,'Pressure','MPa',60,60),(138,'Pressure','MPa',35,35),(139,'Pressure','MPa',35,35),(140,'Pressure','MPa',30,30),(141,'Pressure','MPa',30,30),(145,'Pressure','MPa',50,50),(146,'Pressure','MPa',50,50),(147,'Pressure','MPa',50,50),(148,'Pressure','MPa',50,50),(149,'Pressure','MPa',50,50),(150,'Pressure','MPa',50,50),(151,'Pressure','MPa',50,50),(152,'Pressure','MPa',50,50),(153,'Pressure','MPa',50,50),(154,'Pressure','MPa',50,50),(155,'Pressure','MPa',50,50),(157,'Pressure','MPa',7,7),(161,'Pressure','MPa',40,40),(163,'Pressure','MPa',50,50),(164,'Pressure','MPa',50,50),(165,'Pressure','MPa',50,50),(166,'Pressure','MPa',50,50),(167,'Pressure','MPa',50,50),(168,'Pressure','MPa',50,50),(169,'Pressure','MPa',50,50),(170,'Pressure','MPa',50,50),(171,'Pressure','MPa',50,50),(172,'Pressure','MPa',50,50),(173,'Pressure','MPa',50,50),(174,'Pressure','MPa',50,50),(175,'Pressure','MPa',30,30),(176,'Pressure','MPa',30,30),(177,'Pressure','MPa',30,30),(178,'Pressure','MPa',30,30),(179,'Pressure','MPa',30,30),(180,'Pressure','MPa',30,30),(181,'Pressure','MPa',30,30),(182,'Pressure','MPa',30,30),(183,'Pressure','MPa',30,30),(184,'Pressure','MPa',30,30),(185,'Pressure','MPa',30,30),(186,'Pressure','MPa',30,30),(187,'Pressure','MPa',30,30),(188,'Pressure','MPa',30,30),(190,'Pressure','MPa',5,5),(191,'Pressure','MPa',5,5),(192,'Pressure','MPa',30,30),(193,'Pressure','MPa',400,400),(194,'Pressure','MPa',13,13),(195,'pressure','MPa',50,50),(196,'Pressure','MPa',50,50),(197,'Pressure','MPa',50,50),(198,'Pressure','MPa',50,50),(199,'Pressure','MPa',50,50),(200,'Pressure','MPa',50,50),(201,'Pressure','MPa',50,50),(202,'Pressure','MPa',50,50),(203,'Pressure','MPa',50,50),(210,'Pressure','bar',5,5),(211,'Pressure','MPa',50,50),(212,'Pressure','MPa',50,50),(214,'Pressure','Pa',5,5),(215,'Pressure','MPa',80,80),(216,'Pressure','MPa',80,80),(217,'Pressure','MPa',80,80),(218,'Pressure','MPa',30,30),(219,'Pressure','MPa',30,30),(220,'Pressure','MPa',70,70),(221,'Pressure','MPa',70,70),(222,'Pressure','MPa',70,70),(223,'Pressure','atm',5,5),(224,'Pressure','atm',5,5),(225,'Pressure','atm',5,5),(226,'Pressure','atm',5,5),(227,'Pressure','atm',5,5),(228,'Pressure','atm',5,5),(229,'Pressure','Pa',5,5),(230,'Pressure','Pa',5,5),(231,'Pressure','Pa',5,5),(235,'Pressure','MPa',2,40),(236,'Pressure','MPa',30,30),(239,'Pressure','MPa',50,50),(240,'Pressure','MPa',50,50),(241,'Pressure','MPa',50,50),(242,'Pressure','MPa',50,50),(245,'Pressure','Pa',10,20),(249,'Pressure','MPa',20,20),(250,'Pressure','MPa',20,20),(251,'Pressure','MPa',20,20),(252,'Pressure','MPa',20,20),(253,'Pressure','MPa',20,20),(254,'Pressure','MPa',20,20),(255,'Pressure','MPa',20,20),(263,'Pressure','MPa',40,40),(264,'Pressure','MPa',40,40),(265,'Pressure','MPa',40,40),(266,'Pressure','MPa',40,40),(267,'Pressure','mTorr',5,5),(268,'Pressure','MPa',20,20),(269,'Pressure','MPa',55,55),(270,'Pressure','MPa',5,80),(271,'Pressure','MPa',5,80),(272,'Pressure','MPa',5,80),(273,'Pressure','MPa',5,80),(274,'Pressure','MPa',5,80),(275,'Pressure','MPa',50,50),(280,'Pressure','MPa',40,40),(281,'Pressure','MPa',40,40),(282,'Pressure','MPa',40,40),(283,'Pressure','MPa',40,40),(125,'ramp rates ','K/s',100000,100000),(126,'ramp rates ','K/s',100000,100000),(127,'ramp rates ','K/s',100000,100000),(128,'ramp rates ','K/s',100000,100000),(129,'ramp rates ','K/s',100000,100000),(130,'ramp rates ','K/s',100000,100000),(131,'ramp rates ','K/s',100000,100000),(132,'ramp rates ','K/s',100000,100000),(133,'ramp rates ','K/s',100000,100000),(134,'ramp rates ','K/s',100000,100000),(135,'ramp rates ','K/s',100000,100000),(136,'ramp rates ','K/s',100000,100000),(137,'ramp rates ','K/s',100000,100000),(1,'Spinning rate','rpm',300,300),(223,'spinning rate','rpm',300,300),(224,'spinning rate','rpm',300,300),(225,'spinning rate','rpm',300,300),(226,'spinning rate','rpm',300,300),(227,'spinning rate','rpm',300,300),(228,'spinning rate','rpm',300,300),(2,'temperature','°C',1800,1800),(3,'temperature','°C',1950,1950),(4,'temperature','°C',1800,2300),(5,'temperature','°C',2000,2000),(6,'temperature','°C',2200,2200),(7,'temperature','°C',2200,2200),(8,'temperature','°C',2200,2200),(9,'temperature','°C',2200,2200),(10,'temperature','°C',2200,2200),(11,'temperature','°C',2200,2200),(12,'temperature','°C',2200,2200),(13,'temperature','°C',2200,2200),(14,'temperature','°C',2200,2200),(15,'temperature','°C',2200,2200),(16,'temperature','°C',2200,2200),(17,'temperature','°C',2200,2200),(18,'temperature','°C',1700,2000),(20,'temperature','°C',1750,1750),(21,'temperature','°C',2360,2360),(22,'temperature','°C',1900,1900),(23,'temperature','°C',1900,1900),(28,'temperature','°C',2200,2200),(29,'temperature','°C',2200,2200),(30,'temperature','°C',2200,2200),(31,'temperature','°C',2200,2200),(32,'temperature','°C',2200,2200),(33,'temperature','°C',2200,2200),(35,'temperature','°C',1920,700),(36,'temperature','°C',2100,2100),(37,'temperature','K',2073,2073),(40,'temperature','°C',1800,1800),(42,'temperature','°C',2000,2000),(43,'temperature','°C',2400,2400),(44,'temperature','°C',2300,2300),(45,'temperature','°C',1921,1977),(46,'temperature','°C',2000,2000),(47,'temperature','°C',2200,2200),(48,'temperature','°C',2200,2200),(49,'temperature','°C',2200,2200),(50,'temperature','°C',2200,2200),(52,'temperature','°C',1900,1900),(53,'temperature','°C',2000,2000),(54,'temperature','°C',1500,1500),(55,'temperature','°C',1600,1600),(56,'temperature','°C',1600,1600),(57,'temperature','°C',1600,1600),(58,'temperature','°C',1600,1600),(59,'temperature','°C',1600,1600),(60,'temperature','°C',1600,1600),(61,'temperature','°C',1600,1600),(125,'temperature','K',2000,2000),(126,'temperature','K',2000,2000),(127,'temperature','K',2000,2000),(128,'temperature','K',2000,2000),(129,'temperature','K',2000,2000),(130,'temperature','K',2000,2000),(131,'temperature','K',2000,2000),(132,'temperature','K',2000,2000),(133,'temperature','K',2000,2000),(134,'temperature','K',2000,2000),(135,'temperature','K',2000,2000),(136,'temperature','K',2000,2000),(137,'temperature','K',2000,2000),(138,'temperature','°C',2000,2000),(139,'temperature','°C',2000,2000),(140,'temperature','°C',1600,1600),(141,'temperature','°C',1800,1800),(142,'temperature','°C',1180,1180),(143,'temperature','°C',1900,1900),(144,'temperature','°C',600,600),(145,'temperature','°C',2100,2100),(146,'temperature','°C',2100,2100),(147,'temperature','°C',2100,2100),(148,'temperature','°C',1900,1900),(149,'temperature','°C',2100,2100),(150,'temperature','°C',2100,2100),(151,'temperature','°C',2200,2200),(152,'temperature','°C',2200,2200),(153,'temperature','°C',2200,2200),(154,'temperature','°C',2200,2200),(155,'temperature','°C',2200,2200),(156,'temperature','°C',2400,2400),(157,'temperature','°C',1800,1800),(161,'temperature','°C',1800,1800),(163,'temperature','°C',2000,2000),(164,'temperature','°C',2000,2000),(165,'temperature','°C',2000,2000),(166,'temperature','°C',2000,2000),(167,'temperature','°C',2000,2000),(168,'temperature','°C',2000,2000),(169,'temperature','°C',2000,2000),(170,'temperature','°C',2000,2000),(171,'temperature','°C',2000,2000),(172,'temperature','°C',2000,2000),(173,'temperature','°C',2000,2000),(174,'temperature','°C',2000,2000),(175,'temperature','?C',1600,1800),(176,'temperature','?C',1600,1800),(177,'temperature','?C',1600,1800),(178,'temperature','?C',1600,1800),(179,'temperature','?C',1600,1800),(180,'temperature','?C',1600,1800),(181,'temperature','?C',1600,1800),(182,'temperature','?C',1600,1800),(183,'temperature','?C',1600,1800),(184,'temperature','?C',1600,1800),(185,'temperature','?C',1600,1800),(186,'temperature','?C',1600,1800),(187,'temperature','?C',1600,1800),(188,'temperature','?C',1600,1800),(189,'temperature','?C',25,750),(190,'temperature','?C',2200,2200),(191,'temperature','?C',2200,2200),(192,'temperature','?C',1850,1850),(194,'temperature','?C',1600,1600),(195,'temperature','K',2200,2200),(196,'temperature','?C',2000,2000),(197,'temperature','?C',2000,2000),(198,'temperature','?C',2000,2000),(199,'temperature','?C',2000,2000),(200,'temperature','?C',2000,2000),(201,'temperature','?C',2000,2000),(202,'temperature','?C',2000,2000),(203,'temperature','?C',2000,2000),(206,'temperature','?C',1800,1800),(211,'temperature','?C',1750,2000),(212,'temperature','?C',1750,2000),(214,'temperature','?C',1450,900),(215,'temperature','?C',1900,1900),(216,'temperature','?C',1900,1900),(217,'temperature','?C',1900,1900),(218,'temperature','K',2373,2373),(219,'temperature','?C',1300,1300),(220,'temperature','?C',800,800),(221,'temperature','?C',800,800),(222,'temperature','?C',800,800),(234,'temperature','?C',700,700),(235,'temperature','?C',1600,1600),(236,'temperature','?C',1800,1800),(239,'temperature','?C',1400,1400),(240,'temperature','?C',2000,2000),(241,'temperature','?C',2000,2000),(242,'temperature','?C',2000,2000),(245,'temperature','?C',1390,1390),(246,'temperature','?C',1500,1500),(247,'temperature','?C',1800,1800),(249,'temperature','?C',2473,2473),(250,'temperature','?C',2473,2473),(251,'temperature','?C',2473,2473),(252,'temperature','?C',2073,2073),(253,'temperature','?C',2073,2073),(254,'temperature','?C',2073,2073),(255,'temperature','?C',2073,2073),(266,'temperature','?C',1750,1750),(267,'temperature','?C',650,650),(268,'temperature','?C',1400,1400),(269,'temperature','?C',2100,2100),(270,'temperature','?C',1400,2200),(271,'temperature','?C',1400,2200),(272,'temperature','?C',1400,2200),(273,'temperature','?C',1400,2200),(274,'temperature','?C',1400,2200),(275,'temperature','?C',1200,1200),(276,'temperature','?C',1800,1800),(277,'temperature','?C',1800,1800),(278,'temperature','?C',1800,1800),(279,'temperature','?C',1800,1800),(280,'temperature','?C',1900,1900),(281,'temperature','?C',1900,1900),(282,'temperature','?C',1900,1900),(283,'temperature','?C',1900,1900),(284,'temperature','?C',1900,1900),(168,'temperature (calcium treatment)','?C',1573,1573),(256,'temperature (calcium treatment)','?C',1573,1573),(257,'temperature (calcium treatment)','?C',1573,1573),(258,'temperature (calcium treatment)','?C',1573,1573),(259,'temperature (calcium treatment)','?C',1573,1573),(260,'temperature (calcium treatment)','?C',1573,1573),(261,'temperature (calcium treatment)','?C',1573,1573),(262,'temperature (calcium treatment)','?C',1573,1573),(168,'temperature (carbothermal reduction)','?C',1773,1773),(256,'temperature (carbothermal reduction)','?C',1773,1773),(257,'temperature (carbothermal reduction)','?C',1773,1773),(258,'temperature (carbothermal reduction)','?C',1773,1773),(259,'temperature (carbothermal reduction)','?C',1773,1773),(260,'temperature (carbothermal reduction)','?C',1773,1773),(261,'temperature (carbothermal reduction)','?C',1773,1773),(262,'temperature (carbothermal reduction)','?C',1773,1773),(1,'Time','Min',3000,3000),(21,'Voltage','V',50,70),(22,'Voltage','V',50,70),(23,'Voltage','V',50,70),(24,'Voltage','V',50,70),(25,'Voltage','V',50,70),(26,'Voltage','V',50,70),(27,'Voltage','V',50,70),(189,'working pressure','Pa',0.267,0.267),(156,'ZrNbTaHf/C molar ratio','1',10,10);
/*!40000 ALTER TABLE `synthesis_parameter` ENABLE KEYS */;
UNLOCK TABLES;

--
-- Table structure for table `synthesis_product`
--

DROP TABLE IF EXISTS `synthesis_product`;
/*!40101 SET @saved_cs_client     = @@character_set_client */;
/*!50503 SET character_set_client = utf8mb4 */;
CREATE TABLE `synthesis_product` (
  `PRODUCT` varchar(500) NOT NULL COMMENT 'Продукт реакции',
  `PRODUCT_ID` int NOT NULL COMMENT 'ID в базе данных',
  `DOI` varchar(500) NOT NULL COMMENT 'DOI',
  `A_PARAMETER_MAX` double DEFAULT NULL COMMENT 'Минимальное значение параметра а кубической фазы',
  `A_PARAMETER_MIN` double DEFAULT NULL COMMENT 'Максимальное значение параметра а кубической фазы',
  `MIXING_METHOD` varchar(500) DEFAULT NULL COMMENT 'Метод смешивания',
  `SOURCE_MIX_TIME_MIN` double DEFAULT NULL COMMENT 'Минимальное значение времени смешивания сырья, часы',
  `SOURCE_MIX_TIME_MAX` double DEFAULT NULL COMMENT 'Максимальное значение времени смешивания сырья, часы',
  `METHOD` varchar(500) DEFAULT NULL COMMENT 'Метод синтеза и теоретических исследований',
  `GAS` varchar(500) DEFAULT NULL COMMENT 'Защитный газ',
  `SYNTHESIS_TIME_MIN` double DEFAULT NULL COMMENT 'Минимальное значение времени синтеза, минуты',
  `SYNTHESIS_TIME_MAX` double DEFAULT NULL COMMENT 'Максимальное значение времени синтеза, минуты',
  `FEATURE` varchar(500) DEFAULT NULL COMMENT 'Признак работы',
  `CONTRIBUTOR` varchar(500) DEFAULT NULL COMMENT 'ФИО вписавшего',
  `COMMENTS` varchar(500) DEFAULT NULL COMMENT 'Комментарии',
  PRIMARY KEY (`PRODUCT_ID`,`DOI`),
  KEY `PRODUCT_ID` (`PRODUCT_ID`),
  KEY `DOI` (`DOI`),
  CONSTRAINT `BIB_PROD` FOREIGN KEY (`DOI`) REFERENCES `bibliography` (`DOI`) ON DELETE CASCADE ON UPDATE CASCADE
) ENGINE=InnoDB DEFAULT CHARSET=utf8mb3;
/*!40101 SET character_set_client = @saved_cs_client */;

--
-- Dumping data for table `synthesis_product`
--

LOCK TABLES `synthesis_product` WRITE;
/*!40000 ALTER TABLE `synthesis_product` DISABLE KEYS */;
INSERT INTO `synthesis_product` VALUES ('(TiZrHfVNb)C5',1,'DOI: 10.1016/j.ceramint.2019.07.195',4.5,4.5,'ball milling',11.7,11.7,'Mechanosynthesis','Ar',3000,3000,'experimental ','Kokorina A. I.',''),('(HfTaZrNb)C',2,'DOI:10.1016/j.jeurceramsoc.2018.05.006',4.553,4.553,'ball milling',24,24,'SPS','',10,10,'experimental ','Kokorina A. I.','Изучена микроструктура высокоэнтропийных карбидов'),('(HfTaZrNb)C',3,'DOI:10.1016/j.jeurceramsoc.2018.05.006',4.553,4.553,'ball milling',24,24,'SPS','',7,7,'experimental ','Kokorina A. I.','Изучена микроструктура высокоэнтропийных карбидов'),('(TiZrHfNbTa)C',4,'DOI:10.1016/j.ceramint.2018.08.100',4.508,4.508,'ball milling',24,24,'SPS','Vacuum',5,5,'experimental ','Kokorina A. I.',''),('(Ti0.2Zr0.2Nb0.2Ta0.2W0.2)C',6,'DOI:10.1016/j.jeurceramsoc.2019.04.006',4.452,4.452,'ball milling',10,10,'SPS','',5,5,'experimental ','Kokorina A. I.','HECE (raw materials: Ti, Zr, Nb, Ta,W, C'),('(Ti0.2Zr0.2Nb0.2Ta0.2W0.2)C',7,'DOI:10.1016/j.jeurceramsoc.2019.04.006',4.451,4.451,'ball milling',10,10,'SPS','',5,5,'experimental ','Kokorina A. I.','HECC (raw materials: TiC, ZrC, NbC, TaC, WC)'),('(Ti0.2Zr0.2Nb0.2Ta0.2W0.2)C',8,'DOI:10.1016/j.jeurceramsoc.2019.04.006',4.404,4.404,'ball milling',10,10,'SPS','',10,10,'experimental ','Kokorina A. I.','HECO (raw materials:  TiO2, ZrO2, Nb2O5, Ta2O5,\nWO3, C)'),('(Ti0.2Zr0.2Hf0.2Nb0.2Ta0.2)C',9,'DOI:10.1016/j.actamat.2018.12.054',4.519,4.519,'ball milling',2,2,'SPS','Vacuum',10,10,'experimental ','Kokorina A. I.',''),('(Ti0.2Hf0.2V0.2Nb0.2Ta0.2)C',10,'DOI:10.1016/j.actamat.2018.12.054',4.421,4.421,'ball milling',2,2,'SPS','Vacuum',10,10,'experimental ','Kokorina A. I.',''),('(Ti0.2V0.2Nb0.2Ta0.2W0.2)C',11,'DOI:10.1016/j.actamat.2018.12.054',4.362,4.362,'ball milling',2,2,'SPS','Vacuum',10,10,'experimental ','Kokorina A. I.',''),('(Ti0.2Zr0.2Hf0.2Ta0.2W0.2)C',12,'DOI:10.1016/j.actamat.2018.12.054',4.488,4.488,'ball milling',2,2,'SPS','Vacuum',10,10,'experimental ','Kokorina A. I.',''),('(Ti0.2Hf0.2Nb0.2Ta0.2W0.2)C',13,'DOI:10.1016/j.actamat.2018.12.054',4.442,4.442,'ball milling',2,2,'SPS','Vacuum',10,10,'experimental ','Kokorina A. I.',''),('(Ti0.2V0.2Nb0.2Ta0.2Mo0.2)C',14,'DOI:10.1016/j.actamat.2018.12.054',4.361,4.361,'ball milling',2,2,'SPS','Vacuum',10,10,'experimental ','Kokorina A. I.',''),('(Ti0.2Zr0.2Hf0.2Ta0.2Mo0.2)C',15,'DOI:10.1016/j.actamat.2018.12.060',4.494,4.494,'ball milling',2,2,'SPS','Vacuum',10,10,'experimental ','Kokorina A. I.',''),('(Ti0.2Hf0.2Nb0.2Ta0.2Mo0.2)C',16,'DOI:10.1016/j.actamat.2018.12.054',4.443,4.443,'ball milling',2,2,'SPS','Vacuum',10,10,'experimental ','Kokorina A. I.',''),('(V0.2Nb0.2Ta0.2Mo0.2W0.2)C',17,'DOI:10.1016/j.actamat.2018.12.054',4.34,4.34,'ball milling',2,2,'SPS','Vacuum',10,10,'experimental ','Kokorina A. I.',''),('(Zr0.2Hf0.2Ta0.2Mo0.2W0.2)C',18,'DOI:10.1016/j.actamat.2018.12.054',4.517,4.517,'ball milling',2,2,'SPS','Vacuum',10,10,'experimental ','Kokorina A. I.',''),('(Ti0.2Zr0.2Hf0.2Mo0.2W0.2)C',19,'DOI:10.1016/j.actamat.2018.12.054',4.46,4.46,'ball milling',2,2,'SPS','Vacuum',10,10,'experimental ','Kokorina A. I.',''),('(Zr0.2Hf0.2V0.2Mo0.2W0.2)C',20,'DOI:10.1016/j.actamat.2018.12.054',4.527,4.527,'ball milling',2,2,'SPS','Vacuum',10,10,'experimental ','Kokorina A. I.',''),('(Hf,Zr,Ti,Ta,Nb)C',21,'DOI:10.1016/j.scriptamat.2018.10.049',4.524,4.524,'highenergy ball milling',2,2,'Solid solution','',90,90,'experimental ','Kokorina A.I.','HEC синтезировали из карбидов, которые получили восстановлением оксидов металлов (carbothermal reduction)'),('MoNbTaVWC5',32,'DOI: 10.1038/s41467018071607',4.353,4.353,'ball milling',2,2,'SPS','Ar',5,5,'experimental ','Kononenko P.N.','Проведен EFA анализ, расчет энергет.спектра, сравнение мех.свойств карбидов двумя методами: SPS и AFLOW algorithm'),('HfNbTaTiZrC5',33,'DOI: 10.1038/s41467018071607',4.5,4.5,'ball milling',2,2,'SPS','Ar',5,5,'experimental ','Kononenko P.N.','Проведен EFA анализ, расчет энергет.спектра, сравнение мех.свойств карбидов двумя методами: SPS и AFLOW algorithm'),('HfNbTaTiVC5',34,'DOI: 10.1038/s41467018071607',4.415,4.415,'ball milling',2,2,'SPS','Ar',5,5,'experimental ','Kononenko P.N.','Проведен EFA анализ, расчет энергет.спектра, сравнение мех.свойств карбидов двумя методами: SPS и AFLOW algorithm'),('NbTaTiVWC5',35,'DOI: 10.1038/s41467018071607',4.434,4.434,'ball milling',2,2,'SPS','Ar',5,5,'experimental ','Kononenko P.N.','Проведен EFA анализ, расчет энергет.спектра, сравнение мех.свойств карбидов двумя методами: SPS и AFLOW algorithm'),('HfNbTaTiWC5',36,'DOI: 10.1038/s41467018071607',4.355,4.355,'ball milling',2,2,'SPS','Ar',5,5,'experimental ','Kononenko P.N.','Проведен EFA анализ, расчет энергет.спектра, сравнение мех.свойств карбидов двумя методами: SPS и AFLOW algorithm'),('HfTaTiWZrC5',37,'DOI: 10.1038/s41467018071607',4.502,4.502,'ball milling',2,2,'SPS','Ar',5,5,'experimental ','Kononenko P.N.','Проведен EFA анализ, расчет энергет.спектра, сравнение мех.свойств карбидов двумя методами: SPS и AFLOW algorithm'),('(Zr0.25Ta0.25Nb0.25Ti0.25)C',52,'DOI: 10.1016/j.actamat.2020.06.011',4.489,4.489,'ball milling',6,6,'SPS','vacuum',5,5,'experimental ','Kononenko P.N.','высокая стойкость к облучению (lattice parameter expansion=0.2%), (Zr0.25Ta0.25Nb0.25Ti0.25)C  перспективный конструкционный материал для усовершенствования реакторов. Nanohardness, GPa: no radiation 18.9±1.9, after radiation (20 dpa/500 °C) 20.5±1.6'),('(NbTaZr)C',63,'DOI:10.1016/j.ceramint.2021.02.013',4.5359,4.5359,'ball milling',20,20,'SPS','Vacuum',10,10,'experimental ','Kokorina A.I.',''),('(NbTaZrW)C',64,'DOI:10.1016/j.ceramint.2021.02.013',4.4836,4.4836,'ball milling',20,20,'SPS','Vacuum',10,10,'experimental ','Kokorina A.I.',''),('(ZrNbTaHf)C',65,'DOI:10.1016/j.ceramint.2021.02.013',4.5606,4.5606,'ball milling',20,20,'SPS','Vacuum',10,10,'experimental ','Kokorina A.I.',''),('(NbTaZrHfW)C',66,'DOI:10.1016/j.ceramint.2021.02.013',4.5187,4.5187,'ball milling',20,20,'SPS','Vacuum',10,10,'experimental ','Kokorina A.I.',''),('(Ta0.2Hf0.2Zr0.2Ti0.2Nb0.2)C0.8N0.2',160,'DOI:10.1016/j.corsci.2021.109359',4.498,4.498,'ball milling',10,10,'SPS','Vacuum',10,10,'experimental ','Kononenko P.N.','ablation performance of (Ta0.2Hf0.2Zr0.2Ti0.2Nb0.2)C0.8N0.2 improved by 57±1% and 72±1%, for the corresponding ablation rate 1.47?(10?2) g/s, 6.54?10(3) mm/s'),('(Ta0.2Hf0.2Zr0.2Ti0.2Nb0.2)C',161,'DOI:10.1016/j.corsci.2021.109359',4.512,4.512,'ball milling',10,10,'SPS','Vacuum',10,10,'experimental ','Kononenko P.N.','poor ablation performance in comparison with (Ta0.2Hf0.2Zr0.2Ti0.2Nb0.2)C0.8N0.2'),('(Ti, Zr, Hf)2SC',163,'DOI:10.1016/j.ceramint.2020.11.096',3.335,3.335,'mixing in an agate mortar',0.5,0.5,'synthesis in PulseElectricCurrentAided sintering device','Ar',10,10,'experimental ','Kononenko P.N.','(Ti, Zr, Hf)2SC properties: theoretical Density (g/cm^3)=7.04; relative density(%)=97.7; thermal conductivity (W/m?K)=8.4, приводят сравнение свойств с Ti2SC'),('(Hf0.2Ta0.2Zr0.2Nb0.2Ti0.2)C',164,'DOI: 10.1016/j.jeurceramsoc.2020.12.043',4.5043,4.5043,'wet ball milling process',24,24,'hot pressing','Vacuum',30,30,'experimental ','Kononenko P.N.','The flexural strength  262 MPa'),('(Hf0.2Ta0.2Zr0.2Nb0.2Ti0.2)C',165,'DOI: 10.1016/j.jeurceramsoc.2020.12.043',4.5046,4.5046,'wet ball milling process',24,24,'hot pressing','Vacuum',30,30,'experimental ','Kononenko P.N.','The compressive strength is 1181 MPa, the flexural strength  494 MPa, fracture toughness  2.306 MPa*m^(1/2) and hardness  24 GPa.'),('(Hf0.2Ta0.2Zr0.2Nb0.2Ti0.2)C',166,'DOI: 10.1016/j.jeurceramsoc.2020.12.043',4.5074,4.5074,'wet ball milling process',24,24,'hot pressing','Vacuum',30,30,'experimental ','Kononenko P.N.',''),('(Hf0.2Ta0.2Zr0.2Nb0.2Ti0.2)C',167,'DOI: 10.1016/j.jeurceramsoc.2020.12.043',4.5086,4.5086,'wet ball milling process',24,24,'hot pressing','Vacuum',30,30,'experimental ','Kononenko P.N.',''),('ZrC',185,'DOI:10.1016/j.ceramint.2021.02.264',4.68,4.68,'ball milling',5,5,'SPS','',3,3,'experimental ','Kononenko P.N.','Vickers hardness is 18.7 GPa, flexural strength is 425 MPa, elastic modulus is 389 GPa, fracture toughness is 4.23 MPa*m^(1/2)'),('(Ti, Nb)C',187,'DOI:10.1016/j.ceramint.2021.02.264',4.41,4.41,'ball milling',5,5,'SPS','',3,3,'experimental ','Kononenko P.N.','Vickers hardness is 21.5 GPa'),('(Zr, Nb)C',188,'DOI:10.1016/j.ceramint.2021.02.264',4.57,4.57,'ball milling',5,5,'SPS','',3,3,'experimental ','Kononenko P.N.','Vickers hardness is 20.4 GPa'),('(Ti, Nb, Ta)C',189,'DOI:10.1016/j.ceramint.2021.02.264',4.42,4.42,'ball milling',5,5,'SPS','',3,3,'experimental ','Kononenko P.N.','flexural strength is 560 MPa, elastic modulus is 522 GPa, fracture toughness is 7.0 MPa*m^(1/2)'),('(Ti, Nb, Ta)C',190,'DOI:10.1016/j.ceramint.2021.02.264',4.42,4.42,'ball milling',5,5,'SPS','',3,3,'experimental ','Kononenko P.N.','flexural strength is 351 MPa'),('(Zr, Nb, Ta)C',191,'DOI:10.1016/j.ceramint.2021.02.264',4.53,4.53,'ball milling',5,5,'SPS','',3,3,'experimental ','Kononenko P.N.','elastic modulus is 468 GPa'),('(Zr, Ti, Nb)C',192,'DOI:10.1016/j.ceramint.2021.02.264',4.5,4.5,'ball milling',5,5,'SPS','',3,3,'experimental ','Kononenko P.N.','Vickers hardness is 23.3 GPa'),('(Ti, Nb, Ta, Hf)C',193,'DOI:10.1016/j.ceramint.2021.02.264',4.48,4.48,'ball milling',5,5,'SPS','',10,10,'experimental ','Kononenko P.N.','flexural strength is 470 MPa'),('(Zr, Nb, Ta, Hf)C',194,'DOI:10.1016/j.ceramint.2021.02.264',4.56,4.56,'ball milling',5,5,'SPS','',5,5,'experimental ','Kononenko P.N.','Vickers hardness is 22.8 GPa'),('(Zr, Ti, Nb, Ta)C',195,'DOI:10.1016/j.ceramint.2021.02.264',4.48,4.48,'ball milling',5,5,'SPS','',5,5,'experimental ','Kononenko P.N.','Vickers hardness is 23.3 GPa, elastic modulus is 480 GPa'),('(Ti, Nb, Ta, Hf, V)C',196,'DOI:10.1016/j.ceramint.2021.02.264',4.42,4.42,'ball milling',5,5,'SPS','',15,15,'experimental ','Kononenko P.N.',''),('(Zr, Ti, Nb, Ta, Hf)C',197,'DOI:10.1016/j.ceramint.2021.02.264',4.52,4.52,'ball milling',5,5,'SPS','',5,5,'experimental ','Kononenko P.N.','Vickers hardness is 23.3 GPa, flexural strength is 457 MPa , elastic modulus is 466 GPa, fracture toughness is 4.4 MPa*m^(1/2)'),('(VNbTaMoW)C',271,'DOI:10.1016/j.jeurceramsoc.2020.03.020',4.453,4.453,'ball milling',10,10,'SPS','',20,20,'experimental ','Kononenko P.N.','nanohardness 25.27 GPa,  flexural strength 192 MPa, fracture toughness 3.34 MPa*m^(1/2), thermal diffusivity 3.36 (mm^2)/s at 25.9 ?,  thermal conductivity 9.2 W/(mK^(1))'),('TiZrNbHfTaC5',274,'doi14htms60945',2.538,2.538,'ball milling',5,5,'SPS','He',10,10,'experimental ','Pak A','это просто для примера написал'),('(Zr0.25Nb0.25Ti0.25V0.25)C',303,'DOI:10.1016/j.actamat.2019.03.021',4.434,4.434,'ball milling',24,24,'hot pressing sintering technique','vacuum',30,30,'experimental ','Kononenko P.N.','Elastic Modulus 460.4 ± 19.3 GPa at load 8mN,  Fracture toughness 4.7 ± 0.5 MPa*m^(1/2) at load 49 N,  Thermal Diffusivity 5.2 ± 0.1 mm^2/s,  Heat Capacity  0.49 ± 0.04 J/(g*K), Thermal Conductivity 15.3 ± 0.3 W/(m*K)'),('(TiZrNbTaMo)C',320,'DOI:10.1016/j.jeurceramsoc.2021.12.058',4.455,4.455,'planetary ball mill',20,20,'carbothermal reduction','vacuum',60,60,'experimental ','Korchagina A.P.',''),('(Hf0.2Zr0.2Ta0.2Nb0.2Ti0.2)C',321,'DOI:10.1016/j.jeurceramsoc.2023.01.017',4.51,4.51,'dissolution in ethanol with phenolic resin',16,16,'heating the gel','Ar',120,120,'experimental ','Korchagina A.P.','Получение в результате нагревания геля'),('(ZrNbCrMoAl)C',322,'DOI:10.1016/j.jmrt.2023.01.053',2.021,2.021,'highspeed ball miller',1,1,'pyrolyzed','N2',180,180,'experimental ','Korchagina A.P.',''),('(TaTiVW)C4 ',323,'DOI:10.1016/j.ijrmhm.2023.106114',4.313,4.313,'mixed in a cemented carbide tank ',8,8,'SPS','vacuum',12,12,'experimental ','Korchagina A.P.',''),('(TaTiVW)C4 ',324,'DOI:10.1016/j.ijrmhm.2023.106114',4.33,4.33,'mixed in a cemented carbide tank ',8,8,'SPS','vacuum',12,12,'experimental ','Korchagina A.P.',''),('(TaTiVW)C4 ',325,'DOI:10.1016/j.ijrmhm.2023.106114',4.324,4.324,'mixed in a cemented carbide tank ',8,8,'SPS','vacuum',12,12,'experimental ','Korchagina A.P.',''),('(TaTiVW)C4 ',326,'DOI:10.1016/j.ijrmhm.2023.106114',4.331,4.331,'mixed in a cemented carbide tank ',8,8,'SPS','vacuum',12,12,'experimental ','Korchagina A.P.',''),('(TaTiVW)C4 ',327,'DOI:10.1016/j.ijrmhm.2023.106114',4.332,4.332,'mixed in a cemented carbide tank ',8,8,'SPS','vacuum',12,12,'experimental ','Korchagina A.P.',''),('(TaTiVW)C4 ',328,'DOI:10.1016/j.ijrmhm.2023.106114',4.332,4.332,'mixed in a cemented carbide tank ',8,8,'SPS','vacuum',12,12,'experimental ','Korchagina A.P.',''),('(HfMoTiWZr)C',329,'DOI:10.1016/j.ceramint.2021.11.317',4.454,4.454,'highenergy ball mill',3,3,'SPS','',10,10,'experimental ','Korchagina A.P.',''),('(HfMoTiWZr)C',330,'DOI:10.1016/j.ceramint.2021.11.317',4.456,4.456,'highenergy ball mill',3,3,'SPS','',10,10,'experimental ','Korchagina A.P.',''),('(HfMoTiWZr)C',331,'DOI:10.1016/j.ceramint.2021.11.317',4.455,4.455,'highenergy ball mill',3,3,'SPS','',10,10,'experimental ','Korchagina A.P.',''),('(HfMoTiWZr)C',332,'DOI:10.1016/j.ceramint.2021.11.317',4.458,4.458,'highenergy ball mill',3,3,'SPS','',10,10,'experimental ','Korchagina A.P.',''),('(CrNbMoWV)C',335,'DOI:10.1016/j.matlet.2021.131363',4.271,4.271,'Mechanical alloying',20,5,'SPS','',5,5,'experimental ','Korchagina A.P.',''),('(TiVNbTaW)C  12 vol% Ni',344,'DOI:10.1016/j.ijrmhm.2022.105914',4.3601,4.3601,'wet milling',48,48,'liquid phase sintering','vacuum',90,90,'experimental ','Korchagina A.P.',''),('(TiVNbTaW)C  12 vol% Ni',345,'DOI:10.1016/j.ijrmhm.2022.105914',4.3601,4.3601,'wet milling',48,48,'liquid phase sintering','vacuum',90,90,'experimental ','Korchagina A.P.',''),('(TiZrHfVNbTa)C6 ',362,'DOI:10.1016/j.ijrmhm.2021.105567',4.457,4.457,'ball milling ',4,4,'carbothermal reduction and calcium treatment','',8,8,'experimental ','Korchagina A.P.',''),('Al2O3/(NbTaMoW)C',372,'DOI:10.1016/j.compositesb.2021.108681',4.456,4.456,'ballmilled',5,5,'SPS','vacuum',20,20,'experimental ','Korchagina A.P.',''),('(Ti0.10Zr0.13Nb0.14Hf0.25Ta0.33W0.05)C',375,'DOI:10.1016/j.jeurceramsoc.2020.05.040',4.514,4.514,'HEBM',1.6,1.6,'SPS','',100,100,'experimental ','Korchagina A.P.',''),('(Ti0.12Zr0.16Nb0.16Hf0.23Ta0.29W0.04)C',376,'DOI:10.1016/j.jeurceramsoc.2020.05.040',4.513,4.513,'HEBM',1.6,1.6,'SPS','',100,100,'experimental ','Korchagina A.P.',''),('(Ti0.13Zr0.17Nb0.18Hf0.22Ta0.24W0.06)C',377,'DOI:10.1016/j.jeurceramsoc.2020.05.040',4.508,4.508,'HEBM',1.6,1.6,'SPS','',100,100,'experimental ','Korchagina A.P.',''),('(Ti0.17Zr0.17Nb0.17Hf0.21Ta0.24W0.04)C',378,'DOI:10.1016/j.jeurceramsoc.2020.05.040',4.515,4.515,'HEBM',1.6,1.6,'SPS','',100,100,'experimental ','Korchagina A.P.',''),('(Ti0.20Zr0.21Nb0.21Hf0.18Ta0.17W0.03)C',379,'DOI:10.1016/j.jeurceramsoc.2020.05.040',4.505,4.505,'HEBM',1.6,1.6,'SPS','',100,100,'experimental ','Korchagina A.P.','');
/*!40000 ALTER TABLE `synthesis_product` ENABLE KEYS */;
UNLOCK TABLES;
/*!40103 SET TIME_ZONE=@OLD_TIME_ZONE */;

/*!40101 SET SQL_MODE=@OLD_SQL_MODE */;
/*!40014 SET FOREIGN_KEY_CHECKS=@OLD_FOREIGN_KEY_CHECKS */;
/*!40014 SET UNIQUE_CHECKS=@OLD_UNIQUE_CHECKS */;
/*!40101 SET CHARACTER_SET_CLIENT=@OLD_CHARACTER_SET_CLIENT */;
/*!40101 SET CHARACTER_SET_RESULTS=@OLD_CHARACTER_SET_RESULTS */;
/*!40101 SET COLLATION_CONNECTION=@OLD_COLLATION_CONNECTION */;
/*!40111 SET SQL_NOTES=@OLD_SQL_NOTES */;

-- Dump completed on 2023-04-03 15:32:14
